Location,Latitude,Longitude,Date Local,Nitrogen dioxide (ppb),Ozone (ppb),Sulfur dioxide (ppb),Mean Daily Temp (¡F),Mean Daily Temperature (¡C),Preciptation (cm),Wind Speed (Knots),Wind Direction (Degrees),Sea Level Pressure (mb)
"N. Little Rock, AR",34.756189,-92.281296,1/1/15,11.55,,1.16,37.0,2.8,0.063,1.7,129,30.3
"N. Little Rock, AR",34.756189,-92.281296,1/2/15,13.91,,0.72,40.3,4.6,0.217,5.2,50,30.0
"N. Little Rock, AR",34.756189,-92.281296,1/3/15,7.95,,0.65,48.1,8.9,0.548,7.0,236,29.8
"N. Little Rock, AR",34.756189,-92.281296,1/4/15,4.11,,0.61,37.1,2.8,0.000,9.6,289,30.1
"N. Little Rock, AR",34.756189,-92.281296,1/5/15,8.13,1.97,0.93,29.7,-1.3,0.000,5.2,71,30.4
"N. Little Rock, AR",34.756189,-92.281296,1/6/15,20.62,0.99,1.05,39.5,4.1,0.000,1.7,109,30.4
"N. Little Rock, AR",34.756189,-92.281296,1/7/15,8.47,2.62,0.76,29.4,-1.5,0.000,9.6,8,30.5
"N. Little Rock, AR",34.756189,-92.281296,1/8/15,10.99,1.68,0.88,23.4,-4.8,0.000,5.2,197,30.3
"N. Little Rock, AR",34.756189,-92.281296,1/9/15,9.56,1.84,1.01,31.7,-0.2,0.000,6.1,321,30.4
"N. Little Rock, AR",34.756189,-92.281296,1/10/15,11.48,2.17,1.38,29.6,-1.3,0.000,4.3,93,30.4
"N. Little Rock, AR",34.756189,-92.281296,1/11/15,9.93,1.51,0.96,35.8,2.1,0.197,2.6,75,30.2
"N. Little Rock, AR",34.756189,-92.281296,1/12/15,5.98,1.75,0.73,39.8,4.3,0.008,7.8,356,30.2
"N. Little Rock, AR",34.756189,-92.281296,1/13/15,11.91,2.10,1.20,31.8,-0.1,0.000,8.7,38,30.4
"N. Little Rock, AR",34.756189,-92.281296,1/14/15,13.79,1.00,1.58,31.4,-0.3,0.000,2.6,45,30.3
"N. Little Rock, AR",34.756189,-92.281296,1/15/15,19.99,1.00,1.67,39.8,4.4,0.002,2.6,284,30.2
"N. Little Rock, AR",34.756189,-92.281296,1/16/15,19.82,1.47,1.11,43.5,6.4,0.000,3.5,218,30.2
"N. Little Rock, AR",34.756189,-92.281296,1/17/15,14.72,2.66,1.18,49.3,9.6,0.000,5.2,219,30.0
"N. Little Rock, AR",34.756189,-92.281296,1/18/15,11.00,2.68,0.90,52.1,11.2,0.000,7.8,236,30.1
"N. Little Rock, AR",34.756189,-92.281296,1/19/15,19.71,1.76,1.84,53.1,11.7,0.000,5.2,237,30.0
"N. Little Rock, AR",34.756189,-92.281296,1/20/15,12.65,2.14,0.98,51.5,10.8,0.000,5.2,358,30.0
"N. Little Rock, AR",34.756189,-92.281296,1/21/15,12.35,1.65,0.81,47.8,8.8,0.000,1.7,359,30.2
"N. Little Rock, AR",34.756189,-92.281296,1/22/15,13.55,2.19,1.17,44.3,6.9,0.059,8.7,46,30.3
"N. Little Rock, AR",34.756189,-92.281296,1/23/15,8.35,1.19,1.73,42.1,5.6,0.002,7.8,360,30.1
"N. Little Rock, AR",34.756189,-92.281296,1/24/15,13.55,1.48,0.93,46.3,7.9,0.000,5.2,249,29.9
"N. Little Rock, AR",34.756189,-92.281296,1/25/15,6.23,2.21,0.79,49.2,9.6,0.002,8.7,274,29.7
"N. Little Rock, AR",34.756189,-92.281296,1/26/15,8.43,1.35,0.78,48.8,9.4,0.000,6.1,273,30.0
"N. Little Rock, AR",34.756189,-92.281296,1/27/15,11.68,2.06,0.93,53.2,11.8,0.000,5.2,349,30.0
"N. Little Rock, AR",34.756189,-92.281296,1/28/15,14.52,2.20,1.32,51.5,10.9,0.000,6.1,138,30.0
"N. Little Rock, AR",34.756189,-92.281296,1/29/15,6.30,2.29,1.32,54.6,12.6,0.000,13.0,299,30.0
"N. Little Rock, AR",34.756189,-92.281296,1/30/15,12.67,2.21,1.00,42.6,5.9,0.000,6.1,32,30.4
"N. Little Rock, AR",34.756189,-92.281296,1/31/15,10.47,1.97,1.32,43.7,6.5,0.000,5.2,97,30.0
"N. Little Rock, AR",34.756189,-92.281296,2/1/15,4.12,2.14,0.82,48.0,8.9,0.221,8.7,261,29.8
"N. Little Rock, AR",34.756189,-92.281296,2/2/15,7.76,1.78,0.73,32.0,0.0,0.000,7.0,314,30.2
"N. Little Rock, AR",34.756189,-92.281296,2/3/15,13.73,1.79,0.93,40.0,4.5,0.000,5.2,194,30.2
"N. Little Rock, AR",34.756189,-92.281296,2/4/15,11.61,1.84,1.15,45.3,7.4,0.008,4.3,215,30.1
"N. Little Rock, AR",34.756189,-92.281296,2/5/15,9.15,2.12,1.17,34.3,1.3,0.000,7.8,44,30.3
"N. Little Rock, AR",34.756189,-92.281296,2/6/15,14.60,1.90,1.16,39.8,4.3,0.000,5.2,202,30.2
"N. Little Rock, AR",34.756189,-92.281296,2/7/15,8.88,2.72,1.30,52.6,11.5,0.000,8.7,200,30.0
"N. Little Rock, AR",34.756189,-92.281296,2/8/15,5.62,2.19,0.85,59.7,15.4,0.002,8.7,227,29.9
"N. Little Rock, AR",34.756189,-92.281296,2/9/15,6.03,2.68,0.74,53.4,11.9,0.000,7.0,350,30.0
"N. Little Rock, AR",34.756189,-92.281296,2/10/15,11.63,2.21,1.18,42.5,5.8,0.000,7.0,70,30.1
"N. Little Rock, AR",34.756189,-92.281296,2/11/15,11.89,1.68,1.05,47.5,8.6,0.000,4.3,9,30.1
"N. Little Rock, AR",34.756189,-92.281296,2/12/15,6.11,3.16,1.03,39.2,4.0,0.000,10.4,21,30.3
"N. Little Rock, AR",34.756189,-92.281296,2/13/15,10.27,1.91,1.31,38.3,3.5,0.000,5.2,170,30.2
"N. Little Rock, AR",34.756189,-92.281296,2/14/15,13.47,2.76,1.08,51.8,11.0,0.000,7.8,265,30.1
"N. Little Rock, AR",34.756189,-92.281296,2/15/15,8.68,2.87,1.25,31.3,-0.4,0.028,13.0,68,30.2
"N. Little Rock, AR",34.756189,-92.281296,2/16/15,5.36,2.59,1.20,26.8,-2.9,0.303,9.6,11,30.0
"N. Little Rock, AR",34.756189,-92.281296,2/17/15,8.02,2.46,0.91,30.4,-0.9,0.008,5.2,259,30.1
"N. Little Rock, AR",34.756189,-92.281296,2/18/15,2.13,3.58,0.80,34.1,1.2,0.000,11.3,302,30.1
"N. Little Rock, AR",34.756189,-92.281296,2/19/15,7.15,3.04,1.26,25.8,-3.4,0.000,5.2,73,30.4
"N. Little Rock, AR",34.756189,-92.281296,2/20/15,7.75,1.93,1.04,31.5,-0.3,0.067,7.8,106,29.8
"N. Little Rock, AR",34.756189,-92.281296,2/21/15,11.98,1.68,0.78,40.0,4.4,0.453,6.1,349,29.8
"N. Little Rock, AR",34.756189,-92.281296,2/22/15,7.34,2.78,1.06,37.3,3.0,0.181,9.6,28,30.2
"N. Little Rock, AR",34.756189,-92.281296,2/23/15,6.94,3.17,1.31,25.7,-3.5,0.051,7.8,29,30.4
"N. Little Rock, AR",34.756189,-92.281296,2/24/15,6.56,2.05,0.83,32.3,0.2,0.000,5.2,290,30.0
"N. Little Rock, AR",34.756189,-92.281296,2/25/15,18.73,1.25,0.93,33.7,0.9,0.079,1.7,201,29.8
"N. Little Rock, AR",34.756189,-92.281296,2/26/15,6.12,2.81,0.86,33.6,0.9,0.000,6.1,322,29.9
"N. Little Rock, AR",34.756189,-92.281296,2/27/15,8.46,3.37,1.08,26.7,-2.9,0.002,9.6,44,30.5
"N. Little Rock, AR",34.756189,-92.281296,2/28/15,10.31,2.65,1.80,32.4,0.2,0.002,7.8,56,30.4
"N. Little Rock, AR",34.756189,-92.281296,3/1/15,9.14,2.05,1.42,37.5,3.1,0.114,4.3,10,30.3
"N. Little Rock, AR",34.756189,-92.281296,3/2/15,8.77,2.91,0.94,37.3,2.9,0.002,8.7,52,30.2
"N. Little Rock, AR",34.756189,-92.281296,3/3/15,12.63,0.76,0.82,45.2,7.3,0.012,2.6,204,29.9
"N. Little Rock, AR",34.756189,-92.281296,3/4/15,4.94,2.29,0.69,41.3,5.2,0.835,9.6,13,1017.9
"N. Little Rock, AR",34.756189,-92.281296,3/5/15,9.14,2.93,0.83,28.8,-1.8,0.091,8.7,1,1032.2
"N. Little Rock, AR",34.756189,-92.281296,3/6/15,26.13,2.58,1.76,31.8,-0.1,0.000,2.6,127,1035.6
"N. Little Rock, AR",34.756189,-92.281296,3/7/15,18.06,2.11,1.18,44.9,7.2,0.000,4.3,227,1029.5
"N. Little Rock, AR",34.756189,-92.281296,3/8/15,21.65,1.92,1.05,44.2,6.8,0.087,3.5,153,1024.0
"N. Little Rock, AR",34.756189,-92.281296,3/9/15,13.15,2.73,0.77,47.2,8.4,0.276,6.1,90,1020.0
"N. Little Rock, AR",34.756189,-92.281296,3/10/15,4.95,2.15,0.62,51.8,11.0,0.055,5.2,327,1015.2
"N. Little Rock, AR",34.756189,-92.281296,3/11/15,7.93,2.76,0.86,57.9,14.4,0.000,4.3,47,1023.7
"N. Little Rock, AR",34.756189,-92.281296,3/12/15,13.80,1.78,1.00,55.1,12.8,0.493,4.3,37,1022.7
"N. Little Rock, AR",34.756189,-92.281296,3/13/15,7.66,1.46,0.72,60.7,15.9,0.607,4.3,103,1014.6
"N. Little Rock, AR",34.756189,-92.281296,3/14/15,6.31,1.93,0.65,59.5,15.3,0.039,5.2,27,1017.6
"N. Little Rock, AR",34.756189,-92.281296,3/15/15,6.61,2.31,0.93,61.0,16.1,0.000,4.3,67,1025.4
"N. Little Rock, AR",34.756189,-92.281296,3/16/15,8.09,1.33,0.64,61.5,16.4,0.000,5.2,236,1022.4
"N. Little Rock, AR",34.756189,-92.281296,3/17/15,9.23,3.08,0.87,64.7,18.2,0.000,7.8,79,1019.3
"N. Little Rock, AR",34.756189,-92.281296,3/18/15,10.00,2.74,1.19,48.9,9.4,0.173,8.7,49,1020.0
"N. Little Rock, AR",34.756189,-92.281296,3/19/15,8.20,1.85,0.73,48.6,9.2,0.000,4.3,42,1018.6
"N. Little Rock, AR",34.756189,-92.281296,3/20/15,8.16,1.54,0.75,49.7,9.8,0.146,3.5,47,1021.0
"N. Little Rock, AR",34.756189,-92.281296,3/21/15,11.44,1.69,0.89,,-17.8,0.002,2.6,76,1021.7
"N. Little Rock, AR",34.756189,-92.281296,3/22/15,6.37,2.89,0.76,,-17.8,0.252,6.1,36,1017.3
"N. Little Rock, AR",34.756189,-92.281296,3/23/15,5.07,3.19,2.06,65.9,18.8,0.000,3.5,139,1019.0
"N. Little Rock, AR",34.756189,-92.281296,3/24/15,6.47,2.99,0.80,66.2,19.0,0.000,7.8,174,1015.6
"N. Little Rock, AR",34.756189,-92.281296,3/25/15,6.60,3.45,1.03,69.3,20.7,0.000,7.0,172,1013.9
"N. Little Rock, AR",34.756189,-92.281296,3/26/15,6.36,2.11,0.62,54.6,12.6,0.114,8.7,342,1015.6
"N. Little Rock, AR",34.756189,-92.281296,3/27/15,7.57,2.37,0.65,49.0,9.4,0.002,5.2,9,1020.3
"N. Little Rock, AR",34.756189,-92.281296,3/28/15,5.21,2.75,0.80,46.0,7.8,0.028,5.2,96,1024.4
"N. Little Rock, AR",34.756189,-92.281296,3/29/15,4.57,3.13,0.85,57.5,14.2,0.000,6.1,146,1020.7
"N. Little Rock, AR",34.756189,-92.281296,3/30/15,8.28,2.81,0.95,64.4,18.0,0.000,5.2,100,1021.3
"N. Little Rock, AR",34.756189,-92.281296,3/31/15,10.53,1.63,0.74,68.5,20.3,0.000,5.2,228,1014.9
"N. Little Rock, AR",34.756189,-92.281296,4/1/15,6.80,2.10,0.83,69.6,20.9,0.370,6.1,176,1013.5
"N. Little Rock, AR",34.756189,-92.281296,4/2/15,3.85,2.59,0.64,71.4,21.9,0.000,10.4,193,1012.2
"N. Little Rock, AR",34.756189,-92.281296,4/3/15,2.09,3.10,0.61,66.7,19.3,0.002,15.6,267,1014.9
"N. Little Rock, AR",34.756189,-92.281296,4/4/15,6.75,3.37,0.77,53.9,12.2,0.000,6.1,44,1028.1
"N. Little Rock, AR",34.756189,-92.281296,4/5/15,11.30,2.25,1.01,53.0,11.7,0.024,2.6,139,1021.0
"N. Little Rock, AR",34.756189,-92.281296,4/6/15,6.03,1.32,0.67,64.7,18.2,0.020,4.3,171,1015.9
"N. Little Rock, AR",34.756189,-92.281296,4/7/15,3.62,1.96,0.63,73.5,23.1,0.002,8.7,191,1015.2
"N. Little Rock, AR",34.756189,-92.281296,4/8/15,3.63,2.01,0.65,75.0,23.9,0.002,8.7,196,1014.6
"N. Little Rock, AR",34.756189,-92.281296,4/9/15,3.82,2.23,0.63,73.6,23.1,0.217,10.4,206,1011.9
"N. Little Rock, AR",34.756189,-92.281296,4/10/15,5.04,2.54,0.65,60.6,15.9,0.000,5.2,8,1020.3
"N. Little Rock, AR",34.756189,-92.281296,4/11/15,14.39,2.52,1.00,61.8,16.6,0.000,3.5,96,1021.7
"N. Little Rock, AR",34.756189,-92.281296,4/12/15,8.67,2.91,1.35,69.0,20.6,0.000,5.2,122,1016.3
"N. Little Rock, AR",34.756189,-92.281296,4/13/15,4.84,2.02,0.65,67.2,19.6,0.260,6.1,106,1014.9
"N. Little Rock, AR",34.756189,-92.281296,4/14/15,6.32,3.55,0.75,62.0,16.7,0.051,8.7,50,1018.6
"N. Little Rock, AR",34.756189,-92.281296,4/15/15,9.62,1.24,0.66,63.6,17.6,0.039,4.3,138,1015.2
"N. Little Rock, AR",34.756189,-92.281296,4/16/15,9.48,2.02,0.70,66.6,19.2,0.000,3.5,50,1017.3
"N. Little Rock, AR",34.756189,-92.281296,4/17/15,11.58,2.37,0.83,70.9,21.6,0.000,4.3,78,1016.3
"N. Little Rock, AR",34.756189,-92.281296,4/18/15,9.92,1.83,0.82,67.8,19.9,0.193,4.3,89,1012.2
"N. Little Rock, AR",34.756189,-92.281296,4/19/15,3.29,3.21,0.58,68.3,20.2,0.130,7.0,252,1004.4
"N. Little Rock, AR",34.756189,-92.281296,4/20/15,1.95,2.98,0.57,60.8,16.0,0.000,10.4,292,1011.5
"N. Little Rock, AR",34.756189,-92.281296,4/21/15,10.94,1.85,0.75,60.1,15.6,0.000,6.1,234,1015.6
"N. Little Rock, AR",34.756189,-92.281296,4/22/15,11.38,2.51,0.86,62.7,17.0,0.002,4.3,354,1014.9
"N. Little Rock, AR",34.756189,-92.281296,4/23/15,13.08,2.58,0.95,58.9,14.9,0.035,6.1,64,1017.6
"N. Little Rock, AR",34.756189,-92.281296,4/24/15,14.75,1.82,0.79,58.1,14.5,0.615,6.1,115,1012.5
"N. Little Rock, AR",34.756189,-92.281296,4/25/15,5.86,2.61,0.87,71.8,22.1,0.000,10.4,218,1003.4
"N. Little Rock, AR",34.756189,-92.281296,4/26/15,3.76,3.30,0.73,64.5,18.1,0.000,7.8,42,1009.5
"N. Little Rock, AR",34.756189,-92.281296,4/27/15,8.12,3.84,1.02,59.6,15.3,0.020,10.4,55,1014.6
"N. Little Rock, AR",34.756189,-92.281296,4/28/15,5.32,2.44,1.03,55.8,13.2,0.055,6.1,4,1016.3
"N. Little Rock, AR",34.756189,-92.281296,4/29/15,6.00,3.02,0.73,63.5,17.5,0.000,4.3,299,1013.5
"N. Little Rock, AR",34.756189,-92.281296,4/30/15,4.29,4.50,0.68,68.8,20.4,0.000,5.2,303,1013.2
"N. Little Rock, AR",34.756189,-92.281296,5/1/15,13.16,3.67,0.99,64.8,18.2,0.000,6.1,73,1019.3
"N. Little Rock, AR",34.756189,-92.281296,5/2/15,12.56,3.19,1.70,65.5,18.6,0.000,2.6,155,1019.3
"N. Little Rock, AR",34.756189,-92.281296,5/3/15,10.06,3.45,1.63,71.5,21.9,0.000,6.1,193,1017.3
"N. Little Rock, AR",34.756189,-92.281296,5/4/15,7.84,3.56,0.80,73.9,23.3,0.000,4.3,175,1020.3
"N. Little Rock, AR",34.756189,-92.281296,5/5/15,12.05,3.55,1.11,76.2,24.5,0.000,6.1,142,1020.3
"N. Little Rock, AR",34.756189,-92.281296,5/6/15,7.82,3.05,1.32,75.8,24.4,0.000,6.1,160,1017.9
"N. Little Rock, AR",34.756189,-92.281296,5/7/15,11.56,2.53,1.47,76.2,24.5,0.002,3.5,176,1015.6
"N. Little Rock, AR",34.756189,-92.281296,5/8/15,4.46,2.44,0.83,75.7,24.3,0.002,7.8,186,1015.2
"N. Little Rock, AR",34.756189,-92.281296,5/9/15,6.87,1.94,0.76,72.2,22.3,0.567,6.1,188,1015.2
"N. Little Rock, AR",34.756189,-92.281296,5/10/15,5.72,1.63,0.65,75.0,23.9,0.075,5.2,128,1015.6
"N. Little Rock, AR",34.756189,-92.281296,5/11/15,,0.00,0.55,69.4,20.8,1.186,5.2,274,1016.3
"N. Little Rock, AR",34.756189,-92.281296,5/12/15,10.54,3.05,0.67,65.1,18.4,0.000,5.2,30,1024.7
"N. Little Rock, AR",34.756189,-92.281296,5/13/15,13.34,2.84,1.18,65.2,18.4,0.002,5.2,75,1024.4
"N. Little Rock, AR",34.756189,-92.281296,5/14/15,17.29,3.96,1.07,72.2,22.3,0.138,4.3,77,1019.6
"N. Little Rock, AR",34.756189,-92.281296,5/15/15,10.82,2.73,1.21,74.7,23.7,0.016,3.5,156,1016.6
"N. Little Rock, AR",34.756189,-92.281296,5/16/15,3.83,1.38,0.61,75.1,23.9,0.087,6.1,159,1015.2
"N. Little Rock, AR",34.756189,-92.281296,5/17/15,3.86,1.29,0.86,76.1,24.5,0.162,7.0,193,1016.3
"N. Little Rock, AR",34.756189,-92.281296,5/18/15,4.60,1.81,0.96,74.8,23.8,0.035,5.2,180,1019.3
"N. Little Rock, AR",34.756189,-92.281296,5/19/15,7.98,1.25,0.74,73.3,22.9,0.000,6.1,48,1019.6
"N. Little Rock, AR",34.756189,-92.281296,5/20/15,4.68,2.81,0.62,72.0,22.2,0.485,6.1,348,1015.9
"N. Little Rock, AR",34.756189,-92.281296,5/21/15,4.07,2.95,0.58,61.5,16.4,0.000,7.8,20,1022.4
"N. Little Rock, AR",34.756189,-92.281296,5/22/15,9.31,2.72,0.78,63.4,17.4,0.002,4.3,97,1024.7
"N. Little Rock, AR",34.756189,-92.281296,5/23/15,8.25,3.53,0.98,72.9,22.7,0.000,6.1,99,1022.4
"N. Little Rock, AR",34.756189,-92.281296,5/24/15,2.76,3.46,0.62,75.2,24.0,0.197,8.7,165,1015.2
"N. Little Rock, AR",34.756189,-92.281296,5/25/15,3.40,2.30,0.67,73.4,23.0,0.453,7.0,185,1015.2
"N. Little Rock, AR",34.756189,-92.281296,5/26/15,4.12,2.67,0.57,71.0,21.7,0.004,7.0,205,1016.3
"N. Little Rock, AR",34.756189,-92.281296,5/27/15,5.95,2.98,0.80,76.5,24.7,0.000,5.2,168,1018.6
"N. Little Rock, AR",34.756189,-92.281296,5/28/15,7.39,2.06,1.05,74.6,23.7,0.122,3.5,152,1019.3
"N. Little Rock, AR",34.756189,-92.281296,5/29/15,9.73,1.82,1.05,76.0,24.5,0.579,6.1,203,1014.9
"N. Little Rock, AR",34.756189,-92.281296,5/30/15,2.36,2.68,0.50,74.7,23.7,0.130,5.2,236,1015.2
"N. Little Rock, AR",34.756189,-92.281296,5/31/15,3.79,2.36,0.53,69.9,21.0,0.032,6.1,32,1016.9
"N. Little Rock, AR",34.756189,-92.281296,6/1/15,6.83,1.73,0.49,69.7,20.9,0.000,5.2,75,1019.0
"N. Little Rock, AR",34.756189,-92.281296,6/2/15,7.95,2.33,0.45,71.8,22.1,0.000,4.3,76,1018.3
"N. Little Rock, AR",34.756189,-92.281296,6/3/15,9.35,2.77,0.66,72.6,22.6,0.000,4.3,97,1015.9
"N. Little Rock, AR",34.756189,-92.281296,6/4/15,11.63,2.30,0.67,76.6,24.8,0.000,3.5,95,1016.6
"N. Little Rock, AR",34.756189,-92.281296,6/5/15,8.60,3.16,0.89,80.1,26.7,0.000,1.7,171,1017.3
"N. Little Rock, AR",34.756189,-92.281296,6/6/15,12.87,3.25,0.56,80.0,26.7,0.000,3.5,78,1015.6
"N. Little Rock, AR",34.756189,-92.281296,6/7/15,5.88,2.75,0.56,83.5,28.6,0.000,3.5,214,1013.9
"N. Little Rock, AR",34.756189,-92.281296,6/8/15,5.60,2.58,0.52,83.7,28.7,0.000,5.2,240,1012.9
"N. Little Rock, AR",34.756189,-92.281296,6/9/15,4.66,2.50,0.42,83.5,28.6,0.000,1.7,34,1012.2
"N. Little Rock, AR",34.756189,-92.281296,6/10/15,9.85,3.30,0.58,82.7,28.1,0.000,4.3,169,1010.8
"N. Little Rock, AR",34.756189,-92.281296,6/11/15,8.08,3.38,0.56,83.2,28.4,0.000,5.2,185,1010.8
"N. Little Rock, AR",34.756189,-92.281296,6/12/15,3.57,2.58,0.49,83.0,28.3,0.000,7.0,194,1013.2
"N. Little Rock, AR",34.756189,-92.281296,6/13/15,3.44,2.03,0.39,78.8,26.0,0.071,7.8,180,1015.2
"N. Little Rock, AR",34.756189,-92.281296,6/14/15,3.10,1.33,0.42,80.0,26.7,0.020,6.1,177,1015.9
"N. Little Rock, AR",34.756189,-92.281296,6/15/15,3.78,1.12,0.37,81.3,27.4,0.004,5.2,204,1017.3
"N. Little Rock, AR",34.756189,-92.281296,6/16/15,5.91,0.97,0.59,82.4,28.0,0.024,3.5,192,1017.9
"N. Little Rock, AR",34.756189,-92.281296,6/17/15,5.43,0.75,0.90,81.3,27.4,0.102,5.2,181,1016.9
"N. Little Rock, AR",34.756189,-92.281296,6/18/15,3.31,1.21,0.34,77.4,25.2,0.221,10.4,174,1013.5
"N. Little Rock, AR",34.756189,-92.281296,6/19/15,3.33,1.56,0.30,79.8,26.6,0.004,9.6,240,1012.2
"N. Little Rock, AR",34.756189,-92.281296,6/20/15,5.91,1.63,0.50,82.8,28.2,0.000,7.0,225,1014.6
"N. Little Rock, AR",34.756189,-92.281296,6/21/15,3.70,1.69,0.50,82.2,27.9,0.002,5.2,220,1017.6
"N. Little Rock, AR",34.756189,-92.281296,6/22/15,5.23,1.47,0.48,84.0,28.9,0.000,7.0,221,1017.9
"N. Little Rock, AR",34.756189,-92.281296,6/23/15,4.03,1.34,0.63,87.0,30.6,0.000,7.0,241,1019.0
"N. Little Rock, AR",34.756189,-92.281296,6/24/15,4.09,1.46,0.48,88.5,31.4,0.000,4.3,237,1019.3
"N. Little Rock, AR",34.756189,-92.281296,6/25/15,5.05,2.03,0.60,87.0,30.6,0.000,6.1,222,1016.9
"N. Little Rock, AR",34.756189,-92.281296,6/26/15,5.75,2.13,0.60,82.5,28.1,0.485,5.2,238,1014.2
"N. Little Rock, AR",34.756189,-92.281296,6/27/15,3.56,2.25,0.40,77.8,25.4,0.002,5.2,335,1014.9
"N. Little Rock, AR",34.756189,-92.281296,6/28/15,3.71,2.43,0.40,80.0,26.7,0.000,4.3,231,1015.6
"N. Little Rock, AR",34.756189,-92.281296,6/29/15,4.74,2.79,0.53,83.2,28.4,0.000,5.2,243,1012.9
"N. Little Rock, AR",34.756189,-92.281296,6/30/15,5.34,3.00,0.61,84.5,29.2,0.000,3.5,253,1014.2
"N. Little Rock, AR",34.756189,-92.281296,7/1/15,4.72,3.24,0.75,83.0,28.3,0.000,8.7,217,1014.2
"N. Little Rock, AR",34.756189,-92.281296,7/2/15,3.90,2.26,0.98,83.5,28.6,0.004,10.4,228,1012.9
"N. Little Rock, AR",34.756189,-92.281296,7/3/15,4.78,2.42,0.44,73.4,23.0,0.950,7.0,231,1013.2
"N. Little Rock, AR",34.756189,-92.281296,7/4/15,4.13,2.00,0.43,74.8,23.8,0.142,5.2,206,1014.9
"N. Little Rock, AR",34.756189,-92.281296,7/5/15,2.85,2.44,0.46,76.6,24.8,0.000,5.2,184,1017.3
"N. Little Rock, AR",34.756189,-92.281296,7/6/15,4.11,1.35,0.51,81.2,27.3,0.000,7.0,196,1017.6
"N. Little Rock, AR",34.756189,-92.281296,7/7/15,3.70,1.00,0.53,84.2,29.0,0.020,6.1,199,1015.9
"N. Little Rock, AR",34.756189,-92.281296,7/8/15,4.05,1.15,0.90,83.3,28.5,0.000,7.8,201,1016.3
"N. Little Rock, AR",34.756189,-92.281296,7/9/15,4.12,1.05,0.73,85.3,29.6,0.000,8.7,214,1017.6
"N. Little Rock, AR",34.756189,-92.281296,7/10/15,6.24,1.24,1.17,85.6,29.8,0.000,4.3,208,1019.3
"N. Little Rock, AR",34.756189,-92.281296,7/11/15,5.56,1.44,1.09,86.2,30.1,0.000,2.6,205,1019.6
"N. Little Rock, AR",34.756189,-92.281296,7/12/15,6.59,1.68,0.80,87.1,30.6,0.000,5.2,225,1017.3
"N. Little Rock, AR",34.756189,-92.281296,7/13/15,4.43,1.82,0.80,82.1,27.8,0.000,7.0,227,1012.2
"N. Little Rock, AR",34.756189,-92.281296,7/14/15,4.63,2.04,0.70,82.4,28.0,0.000,7.8,225,1009.8
"N. Little Rock, AR",34.756189,-92.281296,7/15/15,6.26,2.40,0.45,79.4,26.3,0.690,5.2,208,1012.2
"N. Little Rock, AR",34.756189,-92.281296,7/16/15,7.80,1.95,0.88,79.7,26.5,0.000,5.2,209,1013.9
"N. Little Rock, AR",34.756189,-92.281296,7/17/15,6.00,1.96,0.75,81.2,27.3,0.000,5.2,211,1013.9
"N. Little Rock, AR",34.756189,-92.281296,7/18/15,4.69,2.24,0.88,82.4,28.0,0.000,5.2,207,1014.9
"N. Little Rock, AR",34.756189,-92.281296,7/19/15,4.79,1.96,0.71,84.3,29.0,0.000,4.3,214,1014.9
"N. Little Rock, AR",34.756189,-92.281296,7/20/15,4.96,1.67,0.90,83.8,28.8,0.000,6.1,222,1012.2
"N. Little Rock, AR",34.756189,-92.281296,7/21/15,3.66,2.25,0.50,79.6,26.5,0.002,3.5,279,1011.9
"N. Little Rock, AR",34.756189,-92.281296,7/22/15,8.04,2.56,0.75,78.6,25.9,0.000,4.3,97,1012.5
"N. Little Rock, AR",34.756189,-92.281296,7/23/15,6.70,2.35,0.70,77.4,25.2,0.079,4.3,213,1013.5
"N. Little Rock, AR",34.756189,-92.281296,7/24/15,5.40,1.72,0.57,85.5,29.7,0.000,3.5,299,1014.2
"N. Little Rock, AR",34.756189,-92.281296,7/25/15,4.64,2.38,0.47,84.0,28.9,0.002,3.5,357,1013.5
"N. Little Rock, AR",34.756189,-92.281296,7/26/15,7.25,2.31,0.64,83.6,28.7,0.000,2.6,138,1013.2
"N. Little Rock, AR",34.756189,-92.281296,7/27/15,5.94,2.25,1.21,85.0,29.4,0.000,2.6,149,1013.5
"N. Little Rock, AR",34.756189,-92.281296,7/28/15,6.20,2.24,0.67,85.9,29.9,0.000,3.5,199,1014.2
"N. Little Rock, AR",34.756189,-92.281296,7/29/15,5.38,2.14,0.73,84.1,28.9,0.000,3.5,268,1015.9
"N. Little Rock, AR",34.756189,-92.281296,7/30/15,8.60,3.63,1.64,78.5,25.9,0.000,7.8,52,1018.6
"N. Little Rock, AR",34.756189,-92.281296,7/31/15,11.32,3.95,1.21,78.0,25.6,0.000,5.2,55,1018.6
"N. Little Rock, AR",34.756189,-92.281296,8/1/15,6.04,3.91,0.80,80.5,26.9,0.000,1.7,113,1016.3
"N. Little Rock, AR",34.756189,-92.281296,8/2/15,7.41,2.75,0.94,81.2,27.3,0.000,1.7,146,1013.9
"N. Little Rock, AR",34.756189,-92.281296,8/3/15,11.02,2.99,1.50,83.8,28.8,0.000,3.5,187,1013.2
"N. Little Rock, AR",34.756189,-92.281296,8/4/15,13.13,2.95,1.13,88.0,31.1,0.002,2.6,149,1014.6
"N. Little Rock, AR",34.756189,-92.281296,8/5/15,12.25,2.53,0.84,88.3,31.3,0.035,5.2,223,1013.2
"N. Little Rock, AR",34.756189,-92.281296,8/6/15,6.89,2.45,0.65,87.3,30.7,0.047,5.2,81,1011.2
"N. Little Rock, AR",34.756189,-92.281296,8/7/15,6.61,2.69,0.57,88.6,31.5,0.000,5.2,151,1010.5
"N. Little Rock, AR",34.756189,-92.281296,8/8/15,4.69,2.73,0.48,86.5,30.3,0.000,5.2,61,1011.9
"N. Little Rock, AR",34.756189,-92.281296,8/9/15,5.98,3.29,0.91,88.2,31.2,0.000,5.2,118,1013.2
"N. Little Rock, AR",34.756189,-92.281296,8/10/15,6.26,0.63,0.63,84.8,29.4,0.000,5.2,106,1013.2
"N. Little Rock, AR",34.756189,-92.281296,8/11/15,4.78,3.16,0.65,85.0,29.5,0.000,6.1,33,1016.3
"N. Little Rock, AR",34.756189,-92.281296,8/12/15,9.54,3.51,1.05,81.0,27.2,0.000,7.0,45,1019.3
"N. Little Rock, AR",34.756189,-92.281296,8/13/15,10.62,3.37,1.36,78.8,26.0,0.000,5.2,60,1019.3
"N. Little Rock, AR",34.756189,-92.281296,8/14/15,8.51,3.48,1.07,79.1,26.2,0.000,5.2,64,1019.3
"N. Little Rock, AR",34.756189,-92.281296,8/15/15,5.97,4.01,0.98,80.4,26.9,0.000,5.2,52,1018.3
"N. Little Rock, AR",34.756189,-92.281296,8/16/15,6.18,4.27,0.89,81.5,27.5,0.000,5.2,91,1017.6
"N. Little Rock, AR",34.756189,-92.281296,8/17/15,6.02,3.24,0.89,82.0,27.8,0.000,4.3,116,1015.6
"N. Little Rock, AR",34.756189,-92.281296,8/18/15,6.44,2.91,1.25,83.8,28.8,0.000,3.5,176,1010.8
"N. Little Rock, AR",34.756189,-92.281296,8/19/15,4.56,2.80,0.68,75.4,24.1,0.359,7.0,249,1011.5
"N. Little Rock, AR",34.756189,-92.281296,8/20/15,8.31,1.83,0.91,77.4,25.2,0.000,5.2,43,1016.9
"N. Little Rock, AR",34.756189,-92.281296,8/21/15,11.11,2.31,1.60,76.9,24.9,0.000,3.5,72,1017.3
"N. Little Rock, AR",34.756189,-92.281296,8/22/15,5.03,2.19,0.88,78.0,25.5,0.087,4.3,172,1015.9
"N. Little Rock, AR",34.756189,-92.281296,8/23/15,2.89,0.70,0.56,79.4,26.3,0.012,3.5,318,1016.6
"N. Little Rock, AR",34.756189,-92.281296,8/24/15,4.90,2.95,0.66,78.0,25.6,0.000,5.2,15,1018.6
"N. Little Rock, AR",34.756189,-92.281296,8/25/15,6.15,2.72,0.49,76.5,24.7,0.000,2.6,42,1019.6
"N. Little Rock, AR",34.756189,-92.281296,8/26/15,6.23,3.11,0.89,77.8,25.4,0.000,3.5,54,1020.0
"N. Little Rock, AR",34.756189,-92.281296,8/27/15,15.40,3.03,2.44,75.1,24.0,0.000,4.3,61,1019.0
"N. Little Rock, AR",34.756189,-92.281296,8/28/15,15.66,2.65,1.73,75.3,24.1,0.000,2.6,92,1017.6
"N. Little Rock, AR",34.756189,-92.281296,8/29/15,16.00,2.26,4.58,78.3,25.7,0.002,1.7,173,1016.6
"N. Little Rock, AR",34.756189,-92.281296,8/30/15,11.64,3.21,4.99,82.9,28.3,0.000,2.6,143,1015.6
"N. Little Rock, AR",34.756189,-92.281296,8/31/15,10.18,1.97,2.60,81.1,27.3,0.000,3.5,109,1016.9
"N. Little Rock, AR",34.756189,-92.281296,9/1/15,17.43,2.38,10.43,79.9,26.6,0.000,2.6,131,1017.9
"N. Little Rock, AR",34.756189,-92.281296,9/2/15,12.53,2.04,4.39,79.3,26.3,0.002,2.6,146,1017.3
"N. Little Rock, AR",34.756189,-92.281296,9/3/15,14.92,2.83,5.40,81.7,27.6,0.000,2.6,117,1014.9
"N. Little Rock, AR",34.756189,-92.281296,9/4/15,17.24,3.02,7.07,83.5,28.6,0.000,4.3,95,1014.9
"N. Little Rock, AR",34.756189,-92.281296,9/5/15,13.48,3.36,7.08,83.3,28.5,0.000,2.6,91,1016.3
"N. Little Rock, AR",34.756189,-92.281296,9/6/15,9.74,3.61,7.83,79.8,26.5,0.000,3.5,95,1015.9
"N. Little Rock, AR",34.756189,-92.281296,9/7/15,6.26,3.16,8.01,81.8,27.7,0.000,3.5,130,1014.6
"N. Little Rock, AR",34.756189,-92.281296,9/8/15,6.28,2.84,7.13,83.4,28.5,0.004,4.3,149,1012.5
"N. Little Rock, AR",34.756189,-92.281296,9/9/15,9.49,1.50,1.55,75.6,24.2,0.043,3.5,337,1012.9
"N. Little Rock, AR",34.756189,-92.281296,9/10/15,7.65,2.85,1.78,78.8,26.0,0.000,2.6,332,1014.2
"N. Little Rock, AR",34.756189,-92.281296,9/11/15,5.56,3.20,1.48,76.7,24.8,0.000,5.2,338,1014.6
"N. Little Rock, AR",34.756189,-92.281296,9/12/15,3.49,2.40,1.47,68.6,20.3,0.000,7.0,356,1018.3
"N. Little Rock, AR",34.756189,-92.281296,9/13/15,7.87,2.60,1.70,67.0,19.4,0.000,2.6,93,1019.6
"N. Little Rock, AR",34.756189,-92.281296,9/14/15,15.24,3.18,2.30,72.3,22.4,0.000,2.6,141,1020.0
"N. Little Rock, AR",34.756189,-92.281296,9/15/15,15.97,3.55,2.51,74.0,23.3,0.000,2.6,139,1021.3
"N. Little Rock, AR",34.756189,-92.281296,9/16/15,11.60,2.19,2.15,76.1,24.5,0.008,3.5,132,1020.7
"N. Little Rock, AR",34.756189,-92.281296,9/17/15,11.47,2.69,2.60,80.2,26.8,0.000,2.6,141,1016.3
"N. Little Rock, AR",34.756189,-92.281296,9/18/15,8.62,2.56,2.31,81.5,27.5,0.000,4.3,168,1012.5
"N. Little Rock, AR",34.756189,-92.281296,9/19/15,7.60,2.87,1.57,77.5,25.3,0.000,6.1,358,1014.2
"N. Little Rock, AR",34.756189,-92.281296,9/20/15,6.20,2.72,1.89,72.0,22.2,0.004,5.2,33,1017.9
"N. Little Rock, AR",34.756189,-92.281296,9/21/15,12.77,3.11,1.28,72.8,22.6,0.000,3.5,34,1017.6
"N. Little Rock, AR",34.756189,-92.281296,9/22/15,15.65,3.51,1.11,73.7,23.2,0.000,2.6,48,1019.3
"N. Little Rock, AR",34.756189,-92.281296,9/23/15,12.82,4.08,1.14,76.0,24.4,0.000,3.5,41,1019.6
"N. Little Rock, AR",34.756189,-92.281296,9/24/15,10.73,3.38,1.36,73.2,22.9,0.000,2.6,32,1019.0
"N. Little Rock, AR",34.756189,-92.281296,9/25/15,6.38,4.25,1.47,76.5,24.7,0.000,4.3,1,1017.6
"N. Little Rock, AR",34.756189,-92.281296,9/26/15,6.36,3.96,1.50,73.7,23.2,0.000,7.0,34,1016.6
"N. Little Rock, AR",34.756189,-92.281296,9/27/15,6.50,2.85,1.55,72.8,22.6,0.000,3.5,46,1015.9
"N. Little Rock, AR",34.756189,-92.281296,9/28/15,9.03,1.89,1.60,73.5,23.1,0.000,4.3,61,1013.5
"N. Little Rock, AR",34.756189,-92.281296,9/29/15,6.01,1.47,1.60,73.3,22.9,0.000,5.2,15,1012.9
"N. Little Rock, AR",34.756189,-92.281296,9/30/15,5.82,2.65,1.63,70.7,21.5,0.000,7.8,23,1015.9
"Los Angeles, CA",34.06659,-118.22688,1/1/15,21.48,1.59,0.15,47.0,8.3,0.000,0.9,90,1020.0
"Los Angeles, CA",34.06659,-118.22688,1/2/15,28.69,0.20,0.24,48.6,9.2,0.000,0.9,285,1020.3
"Los Angeles, CA",34.06659,-118.22688,1/3/15,25.46,1.83,0.20,50.6,10.3,0.000,0.9,14,1023.7
"Los Angeles, CA",34.06659,-118.22688,1/4/15,29.64,2.23,0.17,54.9,12.7,0.000,0.9,333,1025.7
"Los Angeles, CA",34.06659,-118.22688,1/5/15,35.53,2.05,0.35,63.9,17.7,0.000,0.9,13,1022.4
"Los Angeles, CA",34.06659,-118.22688,1/6/15,34.92,1.69,0.32,68.2,20.1,0.000,2.6,19,1020.7
"Los Angeles, CA",34.06659,-118.22688,1/7/15,34.74,0.91,0.43,65.7,18.7,0.000,0.9,326,1018.6
"Los Angeles, CA",34.06659,-118.22688,1/8/15,43.56,0.39,0.85,62.1,16.7,0.000,0.9,180,1016.9
"Los Angeles, CA",34.06659,-118.22688,1/9/15,43.12,1.22,0.60,61.7,16.5,0.000,0.9,115,1015.9
"Los Angeles, CA",34.06659,-118.22688,1/10/15,34.18,0.63,0.23,57.3,14.1,0.189,0.9,74,1015.9
"Los Angeles, CA",34.06659,-118.22688,1/11/15,16.42,1.50,0.04,58.4,14.7,0.197,0.9,81,1016.6
"Los Angeles, CA",34.06659,-118.22688,1/12/15,23.00,1.45,0.09,57.4,14.1,0.000,0.9,116,1020.3
"Los Angeles, CA",34.06659,-118.22688,1/13/15,25.82,1.40,0.12,59.7,15.4,0.000,0.9,305,1019.0
"Los Angeles, CA",34.06659,-118.22688,1/14/15,29.30,1.21,0.26,59.2,15.1,0.000,0.9,325,1021.0
"Los Angeles, CA",34.06659,-118.22688,1/15/15,31.68,1.74,0.22,61.4,16.4,0.000,1.7,27,1022.7
"Los Angeles, CA",34.06659,-118.22688,1/16/15,34.28,1.63,0.25,62.4,16.9,0.000,0.9,60,1020.3
"Los Angeles, CA",34.06659,-118.22688,1/17/15,34.87,0.78,0.41,63.6,17.6,0.000,0.9,316,1021.0
"Los Angeles, CA",34.06659,-118.22688,1/18/15,35.04,1.55,0.41,61.7,16.5,0.000,0.9,270,1022.0
"Los Angeles, CA",34.06659,-118.22688,1/19/15,39.42,2.27,0.50,59.9,15.5,0.000,0.0,280,1018.6
"Los Angeles, CA",34.06659,-118.22688,1/20/15,36.87,2.60,0.23,56.6,13.7,0.000,0.0,280,1015.6
"Los Angeles, CA",34.06659,-118.22688,1/21/15,35.56,2.32,0.25,61.0,16.1,0.000,0.9,45,1015.9
"Los Angeles, CA",34.06659,-118.22688,1/22/15,40.22,1.18,0.67,61.4,16.3,0.000,0.0,190,1022.0
"Los Angeles, CA",34.06659,-118.22688,1/23/15,36.26,1.29,0.38,61.9,16.6,0.000,0.9,334,1022.0
"Los Angeles, CA",34.06659,-118.22688,1/24/15,36.32,1.36,0.58,66.3,19.1,0.000,0.0,260,1017.3
"Los Angeles, CA",34.06659,-118.22688,1/25/15,32.23,1.80,0.38,66.1,18.9,0.000,0.9,310,1015.9
"Los Angeles, CA",34.06659,-118.22688,1/26/15,27.78,1.30,0.19,65.6,18.7,0.032,2.6,89,1016.6
"Los Angeles, CA",34.06659,-118.22688,1/27/15,24.53,1.66,0.07,62.6,17.0,0.000,0.9,24,1021.0
"Los Angeles, CA",34.06659,-118.22688,1/28/15,31.17,1.48,0.12,64.9,18.3,0.000,0.9,349,1019.3
"Los Angeles, CA",34.06659,-118.22688,1/29/15,36.06,0.93,0.32,66.9,19.4,0.002,0.9,95,1016.6
"Los Angeles, CA",34.06659,-118.22688,1/30/15,29.01,1.68,0.12,62.6,17.0,0.012,0.9,77,1012.2
"Los Angeles, CA",34.06659,-118.22688,1/31/15,20.43,2.12,0.04,61.5,16.4,0.000,0.9,82,1011.9
"Los Angeles, CA",34.06659,-118.22688,2/1/15,24.90,1.53,0.26,62.0,16.7,0.000,0.9,180,1017.9
"Los Angeles, CA",34.06659,-118.22688,2/2/15,37.96,2.18,0.30,63.6,17.6,0.000,0.9,280,1017.6
"Los Angeles, CA",34.06659,-118.22688,2/3/15,46.56,2.66,0.45,60.8,16.0,0.000,0.9,270,1017.9
"Los Angeles, CA",34.06659,-118.22688,2/4/15,42.81,3.32,0.12,61.5,16.4,0.000,0.9,325,1019.0
"Los Angeles, CA",34.06659,-118.22688,2/5/15,41.15,3.09,0.26,62.8,17.1,0.000,0.9,280,1017.6
"Los Angeles, CA",34.06659,-118.22688,2/6/15,33.58,2.90,0.22,61.6,16.5,0.000,1.7,100,1019.0
"Los Angeles, CA",34.06659,-118.22688,2/7/15,33.12,1.30,0.19,60.2,15.7,0.008,0.9,7,1020.7
"Los Angeles, CA",34.06659,-118.22688,2/8/15,15.95,2.18,0.01,65.8,18.8,0.000,0.9,282,1020.3
"Los Angeles, CA",34.06659,-118.22688,2/9/15,19.90,1.97,0.31,63.6,17.6,0.000,1.7,192,1019.6
"Los Angeles, CA",34.06659,-118.22688,2/10/15,33.36,1.40,0.33,64.5,18.1,0.000,0.0,325,1014.2
"Los Angeles, CA",34.06659,-118.22688,2/11/15,36.00,2.22,0.56,70.2,21.2,0.000,0.9,7,1016.3
"Los Angeles, CA",34.06659,-118.22688,2/12/15,35.43,2.55,0.31,71.5,21.9,0.000,0.9,325,1017.9
"Los Angeles, CA",34.06659,-118.22688,2/13/15,35.93,2.13,0.32,71.3,21.8,0.000,1.7,15,1016.6
"Los Angeles, CA",34.06659,-118.22688,2/14/15,32.73,2.74,0.35,69.9,21.1,0.000,0.9,83,1016.6
"Los Angeles, CA",34.06659,-118.22688,2/15/15,26.62,3.51,0.43,65.2,18.5,0.000,0.9,190,1014.6
"Los Angeles, CA",34.06659,-118.22688,2/16/15,24.08,4.17,0.16,61.6,16.4,0.000,0.9,100,1015.6
"Los Angeles, CA",34.06659,-118.22688,2/17/15,21.04,4.40,0.06,62.2,16.8,0.000,0.9,242,1018.6
"Los Angeles, CA",34.06659,-118.22688,2/18/15,27.32,4.13,0.04,61.9,16.6,0.000,0.9,285,1019.6
"Los Angeles, CA",34.06659,-118.22688,2/19/15,27.03,4.38,0.17,61.7,16.5,0.000,0.9,290,1018.3
"Los Angeles, CA",34.06659,-118.22688,2/20/15,25.99,3.70,0.03,60.5,15.8,0.000,0.9,182,1015.6
"Los Angeles, CA",34.06659,-118.22688,2/21/15,13.70,3.84,0.01,60.8,16.0,0.000,1.7,119,1013.5
"Los Angeles, CA",34.06659,-118.22688,2/22/15,11.06,3.05,-0.04,57.5,14.2,0.276,1.7,72,1010.8
"Los Angeles, CA",34.06659,-118.22688,2/23/15,20.86,2.27,-0.01,56.0,13.3,0.002,1.7,92,1015.9
"Los Angeles, CA",34.06659,-118.22688,2/24/15,24.66,3.05,0.06,60.2,15.7,0.000,2.6,328,1022.0
"Los Angeles, CA",34.06659,-118.22688,2/25/15,31.19,1.99,0.31,59.5,15.3,0.000,0.9,20,1019.6
"Los Angeles, CA",34.06659,-118.22688,2/26/15,33.85,2.16,0.40,59.0,15.0,0.000,0.9,285,1012.5
"Los Angeles, CA",34.06659,-118.22688,2/27/15,20.31,3.08,0.07,58.8,14.9,0.000,1.7,112,1009.5
"Los Angeles, CA",34.06659,-118.22688,2/28/15,11.64,3.51,0.00,57.2,14.0,0.043,0.9,295,1010.2
"Los Angeles, CA",34.06659,-118.22688,3/1/15,9.89,2.84,0.00,54.8,12.7,0.260,2.6,66,1013.5
"Los Angeles, CA",34.06659,-118.22688,3/2/15,18.66,2.66,-0.01,53.9,12.2,0.083,1.7,71,1013.5
"Los Angeles, CA",34.06659,-118.22688,3/3/15,19.98,2.54,0.21,55.9,13.3,0.000,1.7,10,1013.5
"Los Angeles, CA",34.06659,-118.22688,3/4/15,25.19,2.29,0.12,59.2,15.1,0.000,1.7,293,1017.9
"Los Angeles, CA",34.06659,-118.22688,3/5/15,30.82,2.01,0.34,62.4,16.9,0.000,1.7,321,1022.4
"Los Angeles, CA",34.06659,-118.22688,3/6/15,36.34,1.21,0.28,65.9,18.8,0.000,0.9,55,1017.9
"Los Angeles, CA",34.06659,-118.22688,3/7/15,29.46,2.50,0.32,69.3,20.7,0.000,0.9,302,1014.9
"Los Angeles, CA",34.06659,-118.22688,3/8/15,22.63,3.21,0.30,64.3,18.0,0.000,0.9,110,1015.2
"Los Angeles, CA",34.06659,-118.22688,3/9/15,24.49,4.60,0.10,62.8,17.1,0.000,0.9,280,1014.2
"Los Angeles, CA",34.06659,-118.22688,3/10/15,39.85,4.07,0.20,66.5,19.2,0.000,1.7,352,1014.2
"Los Angeles, CA",34.06659,-118.22688,3/11/15,38.72,3.22,0.20,67.6,19.8,0.002,0.9,320,1017.6
"Los Angeles, CA",34.06659,-118.22688,3/12/15,34.57,2.97,0.29,72.7,22.6,0.000,0.9,205,1016.3
"Los Angeles, CA",34.06659,-118.22688,3/13/15,33.74,2.91,0.30,75.8,24.3,0.000,0.9,285,1016.3
"Los Angeles, CA",34.06659,-118.22688,3/14/15,27.02,3.89,0.16,78.2,25.6,0.000,0.9,105,1016.3
"Los Angeles, CA",34.06659,-118.22688,3/15/15,19.73,4.07,0.09,79.5,26.4,0.000,0.9,285,1015.2
"Los Angeles, CA",34.06659,-118.22688,3/16/15,36.13,3.65,0.37,76.7,24.8,0.000,0.9,110,1012.5
"Los Angeles, CA",34.06659,-118.22688,3/17/15,33.62,3.82,0.52,70.4,21.3,0.000,0.9,126,1013.2
"Los Angeles, CA",34.06659,-118.22688,3/18/15,16.11,3.48,0.05,66.0,18.9,0.002,2.6,116,1014.6
"Los Angeles, CA",34.06659,-118.22688,3/19/15,17.09,3.64,0.04,65.2,18.4,0.000,1.7,154,1015.6
"Los Angeles, CA",34.06659,-118.22688,3/20/15,23.77,4.33,0.07,66.1,18.9,0.000,1.7,277,1017.6
"Los Angeles, CA",34.06659,-118.22688,3/21/15,14.14,4.71,0.08,64.9,18.3,0.000,1.7,270,1019.3
"Los Angeles, CA",34.06659,-118.22688,3/22/15,9.85,3.82,0.07,63.4,17.4,0.000,0.9,270,1021.0
"Los Angeles, CA",34.06659,-118.22688,3/23/15,19.03,3.09,0.07,63.4,17.4,0.000,1.7,128,1020.3
"Los Angeles, CA",34.06659,-118.22688,3/24/15,19.76,3.14,0.16,65.6,18.7,0.000,2.6,99,1017.3
"Los Angeles, CA",34.06659,-118.22688,3/25/15,35.00,2.60,0.33,70.1,21.1,0.000,0.9,247,1016.6
"Los Angeles, CA",34.06659,-118.22688,3/26/15,30.47,2.65,0.31,76.6,24.8,0.000,0.9,280,1016.9
"Los Angeles, CA",34.06659,-118.22688,3/27/15,37.46,2.98,0.52,75.1,23.9,0.000,1.7,330,1016.9
"Los Angeles, CA",34.06659,-118.22688,3/28/15,27.81,3.03,0.37,70.0,21.1,0.000,0.9,113,1017.3
"Los Angeles, CA",34.06659,-118.22688,3/29/15,20.18,3.68,0.14,67.6,19.8,0.000,1.7,214,1016.6
"Los Angeles, CA",34.06659,-118.22688,3/30/15,21.69,4.28,0.21,65.2,18.5,0.000,0.9,290,1015.9
"Los Angeles, CA",34.06659,-118.22688,3/31/15,26.07,3.55,0.18,64.0,17.8,0.000,0.9,275,1015.2
"Los Angeles, CA",34.06659,-118.22688,4/1/15,16.74,3.58,0.10,64.2,17.9,0.000,1.7,121,1014.6
"Los Angeles, CA",34.06659,-118.22688,4/2/15,25.91,3.48,0.19,63.0,17.2,0.000,1.7,270,1015.2
"Los Angeles, CA",34.06659,-118.22688,4/3/15,26.04,4.00,0.18,70.6,21.5,0.000,1.7,345,1015.9
"Los Angeles, CA",34.06659,-118.22688,4/4/15,22.95,4.44,0.44,69.4,20.8,0.000,1.7,20,1012.5
"Los Angeles, CA",34.06659,-118.22688,4/5/15,11.33,4.27,0.06,61.8,16.6,0.000,1.7,104,1011.5
"Los Angeles, CA",34.06659,-118.22688,4/6/15,12.48,4.32,0.05,58.6,14.8,0.000,1.7,230,1013.9
"Los Angeles, CA",34.06659,-118.22688,4/7/15,17.71,3.55,0.01,56.0,13.4,0.051,1.7,67,1016.3
"Los Angeles, CA",34.06659,-118.22688,4/8/15,20.19,3.27,0.03,58.6,14.8,0.000,1.7,305,1016.6
"Los Angeles, CA",34.06659,-118.22688,4/9/15,23.74,3.28,0.15,62.1,16.7,0.000,1.7,261,1014.2
"Los Angeles, CA",34.06659,-118.22688,4/10/15,19.99,3.99,0.13,60.6,15.9,0.000,1.7,275,1015.2
"Los Angeles, CA",34.06659,-118.22688,4/11/15,19.24,3.49,0.25,62.4,16.9,0.000,1.7,280,1013.5
"Los Angeles, CA",34.06659,-118.22688,4/12/15,14.31,4.13,0.15,64.6,18.1,0.000,1.7,195,1013.9
"Los Angeles, CA",34.06659,-118.22688,4/13/15,15.80,3.93,0.09,63.8,17.7,0.000,1.7,277,1017.6
"Los Angeles, CA",34.06659,-118.22688,4/14/15,17.48,3.91,0.12,63.4,17.5,0.000,1.7,299,1017.3
"Los Angeles, CA",34.06659,-118.22688,4/15/15,28.04,3.90,0.22,66.9,19.4,0.000,0.9,5,1013.5
"Los Angeles, CA",34.06659,-118.22688,4/16/15,30.25,4.22,0.23,67.9,19.9,0.000,1.7,280,1014.9
"Los Angeles, CA",34.06659,-118.22688,4/17/15,30.46,4.08,0.28,68.5,20.3,0.000,1.7,297,1015.9
"Los Angeles, CA",34.06659,-118.22688,4/18/15,21.90,4.19,0.47,67.0,19.4,0.000,1.7,253,1014.9
"Los Angeles, CA",34.06659,-118.22688,4/19/15,13.70,4.38,0.30,63.6,17.5,0.000,1.7,273,1012.9
"Los Angeles, CA",34.06659,-118.22688,4/20/15,13.77,4.89,0.08,61.0,16.1,0.000,1.7,265,1012.2
"Los Angeles, CA",34.06659,-118.22688,4/21/15,11.43,4.67,0.04,61.2,16.2,0.000,1.7,-1,1012.9
"Los Angeles, CA",34.06659,-118.22688,4/22/15,13.75,3.87,0.03,60.9,16.1,0.000,1.7,238,1012.2
"Los Angeles, CA",34.06659,-118.22688,4/23/15,14.10,3.90,0.02,60.4,15.8,0.000,1.7,277,1012.5
"Los Angeles, CA",34.06659,-118.22688,4/24/15,12.52,4.14,-0.01,60.6,15.9,0.000,0.9,280,1015.2
"Los Angeles, CA",34.06659,-118.22688,4/25/15,11.39,3.32,-0.01,59.5,15.3,0.002,2.6,272,1013.9
"Los Angeles, CA",34.06659,-118.22688,4/26/15,13.18,3.32,0.01,64.0,17.8,0.000,3.5,125,1013.5
"Los Angeles, CA",34.06659,-118.22688,4/27/15,23.24,3.92,0.09,69.8,21.0,0.000,2.6,280,1013.2
"Los Angeles, CA",34.06659,-118.22688,4/28/15,32.65,3.83,0.46,74.8,23.8,0.000,1.7,344,1012.9
"Los Angeles, CA",34.06659,-118.22688,4/29/15,40.06,4.06,0.26,75.6,24.2,0.000,0.9,290,1011.2
"Los Angeles, CA",34.06659,-118.22688,4/30/15,28.27,3.74,0.25,74.2,23.4,0.000,1.7,282,1009.8
"Los Angeles, CA",34.06659,-118.22688,5/1/15,28.48,4.03,0.06,72.7,22.6,0.000,1.7,280,1011.5
"Los Angeles, CA",34.06659,-118.22688,5/2/15,21.54,4.31,0.12,69.7,21.0,0.000,1.7,275,1010.5
"Los Angeles, CA",34.06659,-118.22688,5/3/15,8.23,4.67,0.01,62.8,17.1,0.000,1.7,225,1012.2
"Los Angeles, CA",34.06659,-118.22688,5/4/15,11.25,4.63,-0.02,60.4,15.8,0.000,1.7,267,1014.2
"Los Angeles, CA",34.06659,-118.22688,5/5/15,12.01,4.47,-0.04,61.0,16.1,0.000,2.6,114,1014.9
"Los Angeles, CA",34.06659,-118.22688,5/6/15,13.04,4.57,-0.07,61.3,16.3,0.000,0.9,275,1011.9
"Los Angeles, CA",34.06659,-118.22688,5/7/15,9.49,4.49,-0.10,58.5,14.7,0.012,1.7,268,1011.2
"Los Angeles, CA",34.06659,-118.22688,5/8/15,12.57,3.70,-0.07,56.0,13.3,0.071,2.6,133,1013.2
"Los Angeles, CA",34.06659,-118.22688,5/9/15,14.99,3.36,0.21,59.6,15.3,0.000,0.9,277,1017.6
"Los Angeles, CA",34.06659,-118.22688,5/10/15,13.49,3.70,-0.01,62.7,17.0,0.000,0.9,290,1014.9
"Los Angeles, CA",34.06659,-118.22688,5/11/15,18.46,3.97,-0.01,66.0,18.9,0.000,1.7,260,1011.5
"Los Angeles, CA",34.06659,-118.22688,5/12/15,13.75,4.12,-0.08,63.3,17.4,0.000,1.7,165,1011.9
"Los Angeles, CA",34.06659,-118.22688,5/13/15,12.34,3.49,-0.08,61.7,16.5,0.000,3.5,125,1013.5
"Los Angeles, CA",34.06659,-118.22688,5/14/15,16.77,3.47,0.01,58.0,14.4,0.272,1.7,133,1012.2
"Los Angeles, CA",34.06659,-118.22688,5/15/15,14.24,3.49,-0.07,58.5,14.7,0.012,2.6,267,1011.2
"Los Angeles, CA",34.06659,-118.22688,5/16/15,11.59,3.92,-0.09,61.5,16.4,0.000,1.7,87,1014.9
"Los Angeles, CA",34.06659,-118.22688,5/17/15,8.58,4.25,-0.10,62.8,17.1,0.000,0.9,100,1015.9
"Los Angeles, CA",34.06659,-118.22688,5/18/15,11.83,4.24,-0.10,62.9,17.1,0.002,0.9,110,1016.6
"Los Angeles, CA",34.06659,-118.22688,5/19/15,14.59,3.75,0.01,62.2,16.8,0.000,1.7,100,1016.6
"Los Angeles, CA",34.06659,-118.22688,5/20/15,16.72,3.69,-0.04,63.4,17.4,0.000,0.9,-1,1014.2
"Los Angeles, CA",34.06659,-118.22688,5/21/15,11.79,3.96,-0.01,62.1,16.7,0.000,0.9,-1,1014.2
"Los Angeles, CA",34.06659,-118.22688,5/22/15,9.29,3.81,-0.09,61.8,16.6,0.000,1.7,260,1016.3
"Los Angeles, CA",34.06659,-118.22688,5/23/15,9.66,4.03,-0.04,63.3,17.4,0.000,0.9,190,1017.6
"Los Angeles, CA",34.06659,-118.22688,5/24/15,5.89,4.23,-0.10,63.4,17.5,0.000,1.7,205,1015.2
"Los Angeles, CA",34.06659,-118.22688,5/25/15,8.63,3.98,0.00,62.6,17.0,0.000,0.9,272,1014.9
"Los Angeles, CA",34.06659,-118.22688,5/26/15,12.38,4.20,-0.06,62.8,17.1,0.000,0.9,272,1015.2
"Los Angeles, CA",34.06659,-118.22688,5/27/15,10.73,4.25,-0.10,63.2,17.4,0.000,1.7,275,1015.2
"Los Angeles, CA",34.06659,-118.22688,5/28/15,16.25,3.88,0.01,64.2,17.9,0.000,1.7,263,1014.6
"Los Angeles, CA",34.06659,-118.22688,5/29/15,19.05,4.11,0.02,66.2,19.0,0.000,0.9,280,1013.5
"Los Angeles, CA",34.06659,-118.22688,5/30/15,15.97,4.59,0.03,66.1,19.0,0.000,0.9,260,1013.2
"Los Angeles, CA",34.06659,-118.22688,5/31/15,8.97,4.62,-0.03,64.5,18.1,0.000,0.9,270,1013.5
"Los Angeles, CA",34.06659,-118.22688,6/1/15,13.52,4.22,0.01,65.3,18.5,0.000,0.9,205,1015.2
"Los Angeles, CA",34.06659,-118.22688,6/2/15,16.05,3.04,0.08,66.7,19.3,0.000,1.7,227,1014.9
"Los Angeles, CA",34.06659,-118.22688,6/3/15,12.14,3.26,-0.07,64.6,18.1,0.002,2.6,135,1013.2
"Los Angeles, CA",34.06659,-118.22688,6/4/15,16.37,3.41,-0.02,64.0,17.8,0.002,0.9,278,1011.2
"Los Angeles, CA",34.06659,-118.22688,6/5/15,11.08,3.34,-0.02,64.5,18.1,0.002,2.6,105,1010.8
"Los Angeles, CA",34.06659,-118.22688,6/6/15,9.02,3.67,-0.05,64.0,17.8,0.000,1.7,270,1012.5
"Los Angeles, CA",34.06659,-118.22688,6/7/15,10.43,3.76,,67.0,19.5,0.000,1.7,297,1011.5
"Los Angeles, CA",34.06659,-118.22688,6/8/15,24.97,4.22,-0.02,72.5,22.5,0.000,1.7,287,1010.5
"Los Angeles, CA",34.06659,-118.22688,6/9/15,16.67,3.34,-0.02,76.1,24.5,0.004,2.6,314,1009.5
"Los Angeles, CA",34.06659,-118.22688,6/10/15,12.23,3.05,-0.07,67.9,19.9,0.000,1.7,250,1012.2
"Los Angeles, CA",34.06659,-118.22688,6/11/15,13.91,3.68,-0.06,66.6,19.2,0.000,1.7,285,1011.2
"Los Angeles, CA",34.06659,-118.22688,6/12/15,15.63,3.31,-0.06,66.7,19.3,0.000,0.9,272,1010.2
"Los Angeles, CA",34.06659,-118.22688,6/13/15,10.49,3.30,-0.07,66.1,19.0,0.000,0.9,140,1009.5
"Los Angeles, CA",34.06659,-118.22688,6/14/15,9.00,3.91,-0.09,67.6,19.8,0.000,1.7,277,1008.8
"Los Angeles, CA",34.06659,-118.22688,6/15/15,16.38,3.55,-0.05,69.2,20.7,0.000,1.7,273,1010.2
"Los Angeles, CA",34.06659,-118.22688,6/16/15,21.33,3.95,0.07,69.6,20.9,0.000,1.7,277,1011.9
"Los Angeles, CA",34.06659,-118.22688,6/17/15,21.64,4.40,0.28,70.4,21.4,0.000,1.7,-1,1012.2
"Los Angeles, CA",34.06659,-118.22688,6/18/15,23.00,3.99,0.00,71.5,21.9,0.000,0.9,275,1012.9
"Los Angeles, CA",34.06659,-118.22688,6/19/15,30.98,3.45,0.33,74.3,23.5,0.000,0.9,265,1010.5
"Los Angeles, CA",34.06659,-118.22688,6/20/15,19.07,3.62,0.45,74.5,23.6,0.000,0.9,145,1009.8
"Los Angeles, CA",34.06659,-118.22688,6/21/15,10.63,3.35,0.06,72.1,22.3,0.000,1.7,263,1012.9
"Los Angeles, CA",34.06659,-118.22688,6/22/15,20.03,3.28,0.62,73.2,22.9,0.000,0.9,250,1013.2
"Los Angeles, CA",34.06659,-118.22688,6/23/15,20.65,3.24,0.33,73.4,23.0,0.000,1.7,0,1012.5
"Los Angeles, CA",34.06659,-118.22688,6/24/15,23.69,2.97,0.45,73.8,23.2,0.000,0.9,260,1011.5
"Los Angeles, CA",34.06659,-118.22688,6/25/15,18.48,3.65,0.30,71.6,22.0,0.000,1.7,268,1013.2
"Los Angeles, CA",34.06659,-118.22688,6/26/15,15.00,3.05,-0.03,68.9,20.5,0.000,1.7,270,1014.2
"Los Angeles, CA",34.06659,-118.22688,6/27/15,19.24,1.93,0.27,70.0,21.1,0.002,0.9,293,1014.2
"Los Angeles, CA",34.06659,-118.22688,6/28/15,18.11,1.85,0.52,77.1,25.0,0.002,0.9,210,1011.9
"Los Angeles, CA",34.06659,-118.22688,6/29/15,22.25,2.78,0.60,77.1,25.1,0.000,0.9,90,1011.5
"Los Angeles, CA",34.06659,-118.22688,6/30/15,30.26,0.00,0.44,77.4,25.2,0.002,0.9,270,1011.2
"Miami, FL",25.798333,-80.210278,1/1/15,10.04,2.00,0.00,71.5,22.0,0.000,4.3,101,1021.3
"Miami, FL",25.798333,-80.210278,1/2/15,8.59,2.50,0.00,73.2,22.9,0.004,7.8,115,1022.4
"Miami, FL",25.798333,-80.210278,1/3/15,9.00,2.28,0.00,75.3,24.1,0.002,10.4,118,1023.0
"Miami, FL",25.798333,-80.210278,1/4/15,4.96,1.90,0.00,74.9,23.8,0.000,7.8,130,1023.7
"Miami, FL",25.798333,-80.210278,1/5/15,8.33,1.93,0.00,74.1,23.4,0.008,5.2,67,1025.4
"Miami, FL",25.798333,-80.210278,1/6/15,7.79,1.88,0.00,73.8,23.2,0.004,5.2,92,1024.0
"Miami, FL",25.798333,-80.210278,1/7/15,12.79,2.55,0.00,71.3,21.9,0.000,5.2,312,1021.0
"Miami, FL",25.798333,-80.210278,1/8/15,5.13,3.23,0.00,61.0,16.1,0.002,9.6,26,1023.4
"Miami, FL",25.798333,-80.210278,1/9/15,13.33,2.35,0.00,66.0,18.9,0.002,3.5,130,1022.7
"Miami, FL",25.798333,-80.210278,1/10/15,5.63,3.20,0.00,66.2,19.0,0.002,7.0,11,1024.7
"Miami, FL",25.798333,-80.210278,1/11/15,2.54,2.81,0.00,71.5,21.9,0.012,10.4,81,1024.0
"Miami, FL",25.798333,-80.210278,1/12/15,8.54,2.13,0.00,74.6,23.7,0.032,11.3,105,1021.0
"Miami, FL",25.798333,-80.210278,1/13/15,12.58,1.48,0.00,72.0,22.2,0.303,4.3,81,1018.3
"Miami, FL",25.798333,-80.210278,1/14/15,12.71,1.35,0.00,68.9,20.5,0.000,5.2,338,1017.6
"Miami, FL",25.798333,-80.210278,1/15/15,11.09,1.69,0.00,67.2,19.6,0.000,5.2,323,1017.9
"Miami, FL",25.798333,-80.210278,1/16/15,10.13,2.38,0.00,64.5,18.0,0.000,7.0,346,1017.9
"Miami, FL",25.798333,-80.210278,1/17/15,8.96,3.02,0.00,64.0,17.8,0.000,7.0,58,1020.3
"Miami, FL",25.798333,-80.210278,1/18/15,14.25,2.28,0.00,65.8,18.8,0.002,3.5,316,1019.6
"Miami, FL",25.798333,-80.210278,1/19/15,11.92,3.65,0.00,61.3,16.3,0.000,5.2,47,1020.3
"Miami, FL",25.798333,-80.210278,1/20/15,17.43,2.80,0.00,64.6,18.1,0.000,4.3,116,1017.6
"Miami, FL",25.798333,-80.210278,1/21/15,12.96,2.90,0.00,71.1,21.7,0.000,5.2,73,1017.3
"Miami, FL",25.798333,-80.210278,1/22/15,7.17,3.75,0.00,71.0,21.7,0.000,7.8,91,1020.3
"Miami, FL",25.798333,-80.210278,1/23/15,9.00,3.23,0.00,71.3,21.8,0.000,10.4,132,1017.9
"Miami, FL",25.798333,-80.210278,1/24/15,4.46,2.89,0.00,68.0,20.0,0.000,8.7,261,1014.6
"Miami, FL",25.798333,-80.210278,1/25/15,11.17,2.53,0.00,57.2,14.0,0.000,5.2,304,1017.6
"Miami, FL",25.798333,-80.210278,1/26/15,12.38,3.11,0.00,61.2,16.2,0.012,7.8,260,1014.2
"Miami, FL",25.798333,-80.210278,1/27/15,6.55,2.78,0.00,58.7,14.8,0.000,7.0,286,1016.9
"Miami, FL",25.798333,-80.210278,1/28/15,18.14,3.17,0.00,57.0,13.9,0.000,7.0,333,1020.7
"Miami, FL",25.798333,-80.210278,1/29/15,11.25,3.08,0.00,58.9,14.9,0.000,6.1,26,1023.4
"Miami, FL",25.798333,-80.210278,1/30/15,28.13,2.99,0.00,63.8,17.7,0.000,4.3,306,1022.0
"Miami, FL",25.798333,-80.210278,1/31/15,9.46,3.74,0.00,63.4,17.5,0.000,7.8,35,1022.7
"Miami, FL",25.798333,-80.210278,2/1/15,6.04,3.85,0.00,65.2,18.4,0.000,9.6,115,1021.7
"Miami, FL",25.798333,-80.210278,2/2/15,11.33,2.90,0.00,69.6,20.9,0.008,7.8,217,1017.3
"Miami, FL",25.798333,-80.210278,2/3/15,9.00,3.30,0.00,65.0,18.4,0.000,7.8,30,1021.0
"Miami, FL",25.798333,-80.210278,2/4/15,9.08,3.58,0.00,68.1,20.0,0.000,7.8,100,1019.3
"Miami, FL",25.798333,-80.210278,2/5/15,9.96,2.25,0.00,68.6,20.3,0.236,8.7,245,1014.6
"Miami, FL",25.798333,-80.210278,2/6/15,7.71,3.69,0.00,63.5,17.5,0.004,8.7,14,1020.0
"Miami, FL",25.798333,-80.210278,2/7/15,4.75,4.52,0.00,63.2,17.3,0.000,9.6,64,1022.4
"Miami, FL",25.798333,-80.210278,2/8/15,7.21,3.08,0.00,63.9,17.7,0.000,6.1,115,1019.0
"Miami, FL",25.798333,-80.210278,2/9/15,21.04,2.31,0.00,67.5,19.7,0.016,5.2,172,1012.2
"Miami, FL",25.798333,-80.210278,2/10/15,8.58,3.02,0.00,64.7,18.1,0.000,9.6,291,1008.1
"Miami, FL",25.798333,-80.210278,2/11/15,25.57,2.46,0.00,59.2,15.1,0.000,5.2,319,1015.2
"Miami, FL",25.798333,-80.210278,2/12/15,15.88,3.21,0.00,62.0,16.6,0.000,4.3,301,1017.9
"Miami, FL",25.798333,-80.210278,2/13/15,12.13,3.78,0.00,59.9,15.5,0.000,6.1,306,1020.0
"Miami, FL",25.798333,-80.210278,2/14/15,14.08,3.42,0.00,52.9,11.6,0.000,6.1,319,1022.0
"Miami, FL",25.798333,-80.210278,2/15/15,17.38,3.30,0.00,59.0,15.0,0.000,4.3,360,1022.0
"Miami, FL",25.798333,-80.210278,2/16/15,18.88,3.38,0.00,62.7,17.1,0.000,6.1,138,1020.0
"Miami, FL",25.798333,-80.210278,2/17/15,9.96,3.10,0.00,69.2,20.7,0.002,7.0,216,1014.6
"Miami, FL",25.798333,-80.210278,2/18/15,10.96,2.73,0.00,62.4,16.9,0.264,7.0,324,1016.9
"Miami, FL",25.798333,-80.210278,2/19/15,7.67,3.75,0.00,51.3,10.7,0.000,9.6,320,1024.4
"Miami, FL",25.798333,-80.210278,2/20/15,8.00,3.95,0.04,52.0,11.1,0.000,9.6,12,1026.4
"Miami, FL",25.798333,-80.210278,2/21/15,7.88,4.27,0.00,65.0,18.4,0.002,12.2,99,1024.4
"Miami, FL",25.798333,-80.210278,2/22/15,11.54,2.73,0.00,71.9,22.2,0.016,7.8,117,1022.0
"Miami, FL",25.798333,-80.210278,2/23/15,11.00,1.99,0.00,71.5,21.9,0.000,5.2,140,1021.0
"Miami, FL",25.798333,-80.210278,2/24/15,12.05,1.88,0.00,71.3,21.8,0.000,6.1,274,1016.9
"Miami, FL",25.798333,-80.210278,2/25/15,11.42,1.73,0.00,71.3,21.8,0.000,7.0,185,1013.2
"Miami, FL",25.798333,-80.210278,2/26/15,7.92,2.08,0.00,77.1,25.1,0.016,10.4,225,1012.2
"Miami, FL",25.798333,-80.210278,2/27/15,13.21,1.91,0.00,70.2,21.2,0.079,6.1,347,1019.3
"Miami, FL",25.798333,-80.210278,2/28/15,5.79,2.76,0.00,73.4,23.0,0.469,8.7,67,1023.4
"Miami, FL",25.798333,-80.210278,3/1/15,2.50,2.20,0.00,75.2,24.0,0.002,11.3,85,1025.4
"Miami, FL",25.798333,-80.210278,3/2/15,4.50,2.11,0.00,72.4,22.5,0.000,7.8,83,1023.7
"Miami, FL",25.798333,-80.210278,3/3/15,4.17,2.15,0.00,72.2,22.3,0.000,9.6,95,1021.7
"Miami, FL",25.798333,-80.210278,3/4/15,6.88,2.28,0.00,74.7,23.7,0.000,9.6,115,1020.3
"Miami, FL",25.798333,-80.210278,3/5/15,5.67,1.80,0.00,74.8,23.8,0.000,8.7,146,1019.6
"Miami, FL",25.798333,-80.210278,3/6/15,11.63,1.54,0.00,74.2,23.4,0.000,4.3,118,1021.3
"Miami, FL",25.798333,-80.210278,3/7/15,5.46,2.88,0.00,72.2,22.3,0.252,7.8,21,1023.0
"Miami, FL",25.798333,-80.210278,3/8/15,2.71,3.52,0.00,71.8,22.1,0.020,10.4,58,1022.0
"Miami, FL",25.798333,-80.210278,3/9/15,4.71,2.79,0.00,74.4,23.6,0.000,10.4,89,1020.3
"Miami, FL",25.798333,-80.210278,3/10/15,5.46,2.39,0.00,77.0,25.0,0.000,13.0,103,1020.3
"Miami, FL",25.798333,-80.210278,3/11/15,7.21,2.11,0.00,77.1,25.1,0.079,10.4,116,1021.0
"Miami, FL",25.798333,-80.210278,3/12/15,4.82,2.40,0.00,76.6,24.8,0.002,12.2,103,1021.3
"Miami, FL",25.798333,-80.210278,3/13/15,4.79,2.53,0.00,75.8,24.3,0.000,13.9,98,1021.0
"Miami, FL",25.798333,-80.210278,3/14/15,6.08,2.15,0.00,75.6,24.2,0.000,8.7,129,1020.0
"Miami, FL",25.798333,-80.210278,3/15/15,12.00,1.70,0.00,74.2,23.4,0.000,5.2,120,1020.3
"Miami, FL",25.798333,-80.210278,3/16/15,10.29,2.55,0.00,74.7,23.7,0.000,6.1,88,1020.0
"Miami, FL",25.798333,-80.210278,3/17/15,10.68,3.05,0.00,74.4,23.6,0.000,5.2,177,1017.6
"Miami, FL",25.798333,-80.210278,3/18/15,13.00,3.46,0.00,71.1,21.7,0.000,6.1,257,1015.6
"Miami, FL",25.798333,-80.210278,3/19/15,11.88,2.22,0.00,73.3,22.9,0.028,5.2,221,1016.6
"Miami, FL",25.798333,-80.210278,3/20/15,15.13,3.07,0.00,73.0,22.8,0.000,4.3,249,1018.6
"Miami, FL",25.798333,-80.210278,3/21/15,11.92,3.41,0.00,73.5,23.1,0.000,4.3,216,1017.9
"Miami, FL",25.798333,-80.210278,3/22/15,9.21,2.65,0.00,74.5,23.6,0.000,6.1,238,1016.3
"Miami, FL",25.798333,-80.210278,3/23/15,11.83,2.37,0.00,75.4,24.1,0.000,7.0,254,1014.6
"Miami, FL",25.798333,-80.210278,3/24/15,10.64,1.89,0.00,74.9,23.8,0.000,5.2,318,1016.6
"Miami, FL",25.798333,-80.210278,3/25/15,10.00,2.48,0.00,74.1,23.4,0.000,4.3,254,1018.3
"Miami, FL",25.798333,-80.210278,3/26/15,6.46,2.10,0.00,75.6,24.2,0.000,7.8,157,1016.6
"Miami, FL",25.798333,-80.210278,3/27/15,6.83,2.78,0.00,76.6,24.8,0.142,9.6,226,1013.5
"Miami, FL",25.798333,-80.210278,3/28/15,6.50,3.45,0.00,66.1,18.9,0.000,7.0,328,1020.0
"Miami, FL",25.798333,-80.210278,3/29/15,6.58,4.07,0.00,64.9,18.3,0.000,7.0,15,1024.7
"Miami, FL",25.798333,-80.210278,3/30/15,13.88,3.89,0.00,66.4,19.1,0.000,4.3,69,1023.4
"Miami, FL",25.798333,-80.210278,3/31/15,19.13,4.10,0.00,67.4,19.7,0.000,5.2,359,1020.7
"Miami, FL",25.798333,-80.210278,4/1/15,14.46,3.95,0.00,69.9,21.0,0.000,4.3,194,1020.3
"Miami, FL",25.798333,-80.210278,4/2/15,14.33,4.06,0.00,71.4,21.9,0.000,6.1,101,1021.7
"Miami, FL",25.798333,-80.210278,4/3/15,10.58,4.25,0.00,71.7,22.1,0.000,8.7,110,1020.7
"Miami, FL",25.798333,-80.210278,4/4/15,9.79,3.43,0.00,73.3,22.9,0.000,5.2,115,1019.0
"Miami, FL",25.798333,-80.210278,4/5/15,7.38,3.43,0.00,73.4,23.0,0.000,7.0,101,1018.6
"Miami, FL",25.798333,-80.210278,4/6/15,5.00,3.34,0.00,74.4,23.5,0.039,8.7,93,1020.3
"Miami, FL",25.798333,-80.210278,4/7/15,4.83,3.44,0.00,77.0,25.0,0.000,10.4,98,1020.7
"Miami, FL",25.798333,-80.210278,4/8/15,4.29,3.13,0.00,76.6,24.8,0.016,10.4,90,1019.6
"Miami, FL",25.798333,-80.210278,4/9/15,5.09,2.72,0.00,77.3,25.2,0.002,10.4,101,1019.6
"Miami, FL",25.798333,-80.210278,4/10/15,6.71,2.13,0.00,78.1,25.6,0.000,10.4,111,1019.3
"Miami, FL",25.798333,-80.210278,4/11/15,5.79,2.03,0.00,77.5,25.3,0.000,8.7,120,1018.6
"Miami, FL",25.798333,-80.210278,4/12/15,4.54,2.13,0.00,77.9,25.5,0.032,9.6,120,1018.6
"Miami, FL",25.798333,-80.210278,4/13/15,5.67,2.40,0.00,78.5,25.8,0.002,9.6,120,1020.3
"Miami, FL",25.798333,-80.210278,4/14/15,6.54,2.19,0.00,77.8,25.4,0.000,9.6,112,1020.0
"Miami, FL",25.798333,-80.210278,4/15/15,5.46,2.12,0.00,78.5,25.9,0.051,8.7,129,1018.6
"Miami, FL",25.798333,-80.210278,4/16/15,5.95,2.04,0.00,77.6,25.3,0.000,7.8,128,1018.3
"Miami, FL",25.798333,-80.210278,4/17/15,6.83,1.69,0.00,78.3,25.7,0.002,7.0,150,1016.9
"Miami, FL",25.798333,-80.210278,4/18/15,6.65,1.55,0.00,78.6,25.9,0.000,6.1,177,1015.2
"Miami, FL",25.798333,-80.210278,4/19/15,3.00,1.92,0.00,78.9,26.0,0.000,7.0,175,1014.2
"Miami, FL",25.798333,-80.210278,4/20/15,7.33,2.12,0.00,81.3,27.4,0.002,7.0,189,1013.2
"Miami, FL",25.798333,-80.210278,4/21/15,16.71,1.29,0.00,76.0,24.5,0.126,3.5,183,1014.9
"Miami, FL",25.798333,-80.210278,4/22/15,14.25,2.54,0.00,77.2,25.1,0.020,4.3,32,1015.6
"Miami, FL",25.798333,-80.210278,4/23/15,12.80,1.80,0.00,79.3,26.3,0.201,4.3,116,1014.6
"Miami, FL",25.798333,-80.210278,4/24/15,11.50,3.14,0.00,78.4,25.8,0.047,6.1,15,1014.2
"Miami, FL",25.798333,-80.210278,4/25/15,6.13,2.23,0.00,81.1,27.3,0.201,7.0,144,1012.9
"Miami, FL",25.798333,-80.210278,4/26/15,5.25,2.40,0.00,82.3,28.0,0.000,8.7,244,1010.2
"Miami, FL",25.798333,-80.210278,4/27/15,9.13,2.24,0.00,82.9,28.3,0.000,6.1,326,1009.8
"Miami, FL",25.798333,-80.210278,4/28/15,10.00,2.29,0.00,78.6,25.9,0.020,6.1,112,1008.8
"Miami, FL",25.798333,-80.210278,4/29/15,8.96,3.34,0.00,72.4,22.5,0.835,7.8,193,1007.1
"Miami, FL",25.798333,-80.210278,4/30/15,12.50,3.72,0.00,75.8,24.4,0.002,7.0,273,1009.1
"Miami, FL",25.798333,-80.210278,5/1/15,,4.76,0.00,73.8,23.2,0.000,6.1,311,1012.5
"Miami, FL",25.798333,-80.210278,5/2/15,,5.26,0.00,73.5,23.0,0.000,8.7,42,1015.6
"Miami, FL",25.798333,-80.210278,5/3/15,,5.27,0.00,73.1,22.8,0.000,11.3,71,1019.0
"Miami, FL",25.798333,-80.210278,5/4/15,,4.59,0.00,72.6,22.5,0.002,10.4,59,1020.0
"Miami, FL",25.798333,-80.210278,5/5/15,,4.00,0.00,72.0,22.2,0.150,6.1,47,1018.3
"Miami, FL",25.798333,-80.210278,5/6/15,,3.29,0.00,75.0,23.9,0.002,5.2,334,1016.6
"Miami, FL",25.798333,-80.210278,5/7/15,,3.32,0.00,77.2,25.1,0.106,5.2,148,1016.6
"Miami, FL",25.798333,-80.210278,5/8/15,7.00,3.08,0.00,77.8,25.5,0.000,5.2,232,1016.6
"Miami, FL",25.798333,-80.210278,5/9/15,10.29,2.63,0.00,78.0,25.6,0.000,5.2,169,1017.9
"Miami, FL",25.798333,-80.210278,5/10/15,4.75,2.15,0.00,79.9,26.6,0.002,8.7,110,1019.3
"Miami, FL",25.798333,-80.210278,5/11/15,5.63,2.58,0.00,80.0,26.7,0.000,10.4,100,1019.6
"Miami, FL",25.798333,-80.210278,5/12/15,5.55,2.54,0.00,80.0,26.7,0.032,11.3,104,1020.3
"Miami, FL",25.798333,-80.210278,5/13/15,,2.27,0.00,79.7,26.5,0.071,9.6,96,1019.6
"Miami, FL",25.798333,-80.210278,5/14/15,,2.08,0.00,80.5,26.9,0.002,10.4,90,1020.0
"Miami, FL",25.798333,-80.210278,5/15/15,,1.80,0.00,79.5,26.4,0.000,10.4,93,1020.3
"Miami, FL",25.798333,-80.210278,5/16/15,,2.31,0.00,79.1,26.2,0.000,9.6,94,1020.3
"Miami, FL",25.798333,-80.210278,5/17/15,,3.26,0.00,79.9,26.6,0.020,10.4,100,1021.3
"Miami, FL",25.798333,-80.210278,5/18/15,,3.90,0.00,79.1,26.2,0.000,8.7,75,1020.7
"Miami, FL",25.798333,-80.210278,5/19/15,,3.51,0.00,78.5,25.9,0.000,7.8,83,1017.6
"Miami, FL",25.798333,-80.210278,5/20/15,,2.77,0.00,78.6,25.9,0.000,4.3,134,1015.9
"Miami, FL",25.798333,-80.210278,5/21/15,,2.60,0.00,79.0,26.1,0.000,5.2,199,1015.6
"Miami, FL",25.798333,-80.210278,5/22/15,,3.25,,78.0,25.6,0.032,5.2,268,1018.6
"Miami, FL",25.798333,-80.210278,5/23/15,,2.51,,79.7,26.5,0.002,8.7,58,1021.3
"Miami, FL",25.798333,-80.210278,5/24/15,,2.07,,81.0,27.2,0.106,11.3,87,1021.0
"Miami, FL",25.798333,-80.210278,5/25/15,,1.87,,81.6,27.5,0.075,12.2,101,1020.7
"Miami, FL",25.798333,-80.210278,5/26/15,,2.53,,81.3,27.4,0.012,13.0,97,1021.0
"Miami, FL",25.798333,-80.210278,5/27/15,,4.20,,79.0,26.1,0.035,11.3,76,1019.6
"Miami, FL",25.798333,-80.210278,5/28/15,,4.54,,76.8,24.9,0.000,11.3,75,1018.3
"Miami, FL",25.798333,-80.210278,5/29/15,3.82,3.44,,78.2,25.6,0.000,8.7,78,1017.6
"Miami, FL",25.798333,-80.210278,5/30/15,3.88,2.65,,78.9,26.1,0.002,8.7,89,1016.9
"Miami, FL",25.798333,-80.210278,5/31/15,4.71,2.71,,78.5,25.8,0.303,6.1,109,1016.9
"Miami, FL",25.798333,-80.210278,6/1/15,6.55,2.64,,77.9,25.5,0.000,6.1,110,1017.9
"Miami, FL",25.798333,-80.210278,6/2/15,6.38,2.52,,76.9,25.0,0.020,6.1,111,1015.6
"Miami, FL",25.798333,-80.210278,6/3/15,7.54,2.20,,76.4,24.7,0.039,5.2,99,1013.5
"Miami, FL",25.798333,-80.210278,6/4/15,9.00,1.94,,77.3,25.2,0.051,4.3,114,1013.9
"Miami, FL",25.798333,-80.210278,6/5/15,8.21,2.16,,77.1,25.0,0.095,5.2,70,1014.6
"Miami, FL",25.798333,-80.210278,6/6/15,11.50,1.84,,74.7,23.7,0.008,4.3,265,1013.5
"Miami, FL",25.798333,-80.210278,6/7/15,7.38,2.78,,76.7,24.8,0.000,6.1,67,1015.2
"Miami, FL",25.798333,-80.210278,6/8/15,7.67,2.79,,78.5,25.9,0.000,6.1,101,1016.9
"Miami, FL",25.798333,-80.210278,6/9/15,11.33,1.62,1.00,77.7,25.4,0.299,3.5,126,1015.9
"Miami, FL",25.798333,-80.210278,6/10/15,7.75,1.15,0.42,80.3,26.8,0.004,6.1,147,1015.6
"Miami, FL",25.798333,-80.210278,6/11/15,11.67,1.75,0.04,79.4,26.3,0.217,8.7,94,1017.6
"Miami, FL",25.798333,-80.210278,6/12/15,3.42,1.52,0.00,82.5,28.0,0.000,11.3,105,1019.3
"Miami, FL",25.798333,-80.210278,6/13/15,3.00,1.45,0.00,82.6,28.1,0.008,13.0,100,1019.0
"Miami, FL",25.798333,-80.210278,6/14/15,2.83,1.73,-0.38,82.5,28.0,0.035,10.4,95,1018.3
"Miami, FL",25.798333,-80.210278,6/15/15,5.73,1.75,-0.17,81.5,27.5,0.028,8.7,98,1018.6
"Miami, FL",25.798333,-80.210278,6/16/15,4.38,1.73,0.00,81.7,27.6,0.000,7.0,89,1019.3
"Miami, FL",25.798333,-80.210278,6/17/15,5.17,1.79,0.00,82.0,27.8,0.002,7.0,107,1019.0
"Miami, FL",25.798333,-80.210278,6/18/15,5.43,1.46,0.00,82.6,28.1,0.000,7.8,114,1019.0
"Miami, FL",25.798333,-80.210278,6/19/15,6.25,1.32,0.00,82.8,28.2,0.000,7.0,121,1019.0
"Miami, FL",25.798333,-80.210278,6/20/15,5.71,1.59,-0.33,82.1,27.8,0.002,6.1,109,1019.3
"Miami, FL",25.798333,-80.210278,6/21/15,3.04,1.72,-0.50,82.7,28.1,0.000,6.1,103,1019.3
"Miami, FL",25.798333,-80.210278,6/22/15,5.33,2.18,-0.30,83.0,28.3,0.024,7.8,103,1019.6
"Miami, FL",25.798333,-80.210278,6/23/15,5.00,1.94,0.11,82.7,28.2,0.000,8.7,115,1020.3
"Miami, FL",25.798333,-80.210278,6/24/15,5.38,2.19,0.00,82.9,28.3,0.000,7.8,116,1020.3
"Miami, FL",25.798333,-80.210278,6/25/15,6.42,1.82,0.08,81.3,27.4,0.000,6.1,133,1019.6
"Miami, FL",25.798333,-80.210278,6/26/15,6.71,1.38,0.00,79.0,26.1,0.315,4.3,170,1018.6
"Miami, FL",25.798333,-80.210278,6/27/15,11.63,1.23,0.08,80.1,26.7,0.024,3.5,169,1018.3
"Miami, FL",25.798333,-80.210278,6/28/15,8.29,1.19,0.00,83.7,28.7,0.130,5.2,173,1017.9
"Miami, FL",25.798333,-80.210278,6/29/15,14.68,1.28,0.00,82.9,28.3,0.122,3.5,95,1018.6
"Miami, FL",25.798333,-80.210278,6/30/15,11.71,2.13,0.00,81.8,27.7,0.000,5.2,129,1020.0
"Miami, FL",25.798333,-80.210278,7/1/15,6.29,2.20,0.00,82.3,27.9,0.000,6.1,103,1020.3
"Miami, FL",25.798333,-80.210278,7/2/15,6.54,2.11,0.00,83.5,28.6,0.028,8.7,122,1019.3
"Miami, FL",25.798333,-80.210278,7/3/15,7.21,1.86,0.00,79.5,26.4,0.095,7.0,99,1018.6
"Miami, FL",25.798333,-80.210278,7/4/15,6.50,1.55,0.00,82.4,28.0,0.000,7.0,111,1019.3
"Miami, FL",25.798333,-80.210278,7/5/15,3.29,1.88,0.00,83.5,28.6,0.012,9.6,115,1020.7
"Miami, FL",25.798333,-80.210278,7/6/15,6.91,1.77,0.00,79.8,26.5,0.205,7.8,81,1021.0
"Miami, FL",25.798333,-80.210278,7/7/15,6.04,1.81,0.00,78.7,25.9,0.000,7.8,112,1020.3
"Miami, FL",25.798333,-80.210278,7/8/15,5.25,1.95,0.00,81.4,27.4,0.002,8.7,94,1020.7
"Miami, FL",25.798333,-80.210278,7/9/15,4.96,2.16,0.00,82.5,28.0,0.059,9.6,87,1020.0
"Miami, FL",25.798333,-80.210278,7/10/15,5.54,1.92,0.00,82.5,28.1,0.000,8.7,91,1020.0
"Miami, FL",25.798333,-80.210278,7/11/15,4.33,1.87,0.00,82.0,27.8,0.000,6.1,82,1019.3
"Miami, FL",25.798333,-80.210278,7/12/15,6.04,2.56,0.00,80.2,26.8,0.000,6.1,134,1017.3
"Miami, FL",25.798333,-80.210278,7/13/15,9.29,2.52,0.00,80.8,27.1,0.130,5.2,211,1015.2
"Miami, FL",25.798333,-80.210278,7/14/15,12.21,2.08,0.00,82.8,28.2,0.059,5.2,192,1015.6
"Miami, FL",25.798333,-80.210278,7/15/15,15.42,1.84,0.00,79.9,26.6,0.173,4.3,213,1016.9
"Miami, FL",25.798333,-80.210278,7/16/15,16.88,1.45,0.00,79.5,26.4,0.008,3.5,194,1017.9
"Miami, FL",25.798333,-80.210278,7/17/15,15.79,1.41,0.00,79.7,26.5,0.002,4.3,136,1017.6
"Miami, FL",25.798333,-80.210278,7/18/15,9.75,1.55,0.00,80.6,27.0,0.028,3.5,158,1017.9
"Miami, FL",25.798333,-80.210278,7/19/15,6.25,1.40,0.00,82.6,28.1,0.000,4.3,148,1017.6
"Miami, FL",25.798333,-80.210278,7/20/15,14.20,1.36,0.00,82.9,28.3,0.002,6.1,183,1016.3
"Miami, FL",25.798333,-80.210278,7/21/15,10.22,1.11,0.00,82.6,28.1,0.193,3.5,164,1015.6
"Miami, FL",25.798333,-80.210278,7/22/15,11.50,0.00,0.00,79.8,26.6,0.012,3.5,202,1016.3
"Miami, FL",25.798333,-80.210278,7/23/15,11.29,1.24,-0.04,81.6,27.6,0.024,4.3,234,1017.6
"Miami, FL",25.798333,-80.210278,7/24/15,9.55,1.18,-0.08,83.6,28.7,0.000,6.1,263,1016.9
"Miami, FL",25.798333,-80.210278,7/25/15,8.79,1.70,-0.75,79.9,26.6,0.422,6.1,230,1014.6
"Miami, FL",25.798333,-80.210278,7/26/15,4.42,1.90,-1.00,77.1,25.0,0.075,5.2,205,1014.2
"Miami, FL",25.798333,-80.210278,7/27/15,7.42,1.76,-0.29,83.3,28.5,0.000,7.0,209,1015.6
"Miami, FL",25.798333,-80.210278,7/28/15,9.67,1.38,-0.13,84.6,29.2,0.000,5.2,222,1016.3
"Miami, FL",25.798333,-80.210278,7/29/15,10.92,1.52,-0.42,84.3,29.1,0.002,5.2,232,1015.9
"Miami, FL",25.798333,-80.210278,7/30/15,11.58,1.35,-0.14,84.0,28.9,0.000,5.2,256,1016.6
"Miami, FL",25.798333,-80.210278,7/31/15,11.96,1.35,-0.33,81.1,27.3,0.808,6.1,168,1016.9
"Miami, FL",25.798333,-80.210278,8/1/15,10.00,1.51,-0.29,82.1,27.8,0.000,5.2,156,1015.9
"Miami, FL",25.798333,-80.210278,8/2/15,5.54,1.69,-0.58,81.6,27.5,0.002,4.3,140,1015.2
"Miami, FL",25.798333,-80.210278,8/3/15,10.18,1.81,-0.09,79.4,26.3,0.016,3.5,176,1015.9
"Miami, FL",25.798333,-80.210278,8/4/15,10.33,1.50,0.00,80.7,27.0,0.000,4.3,124,1017.6
"Miami, FL",25.798333,-80.210278,8/5/15,6.21,1.71,-0.21,83.8,28.8,0.000,6.1,125,1019.0
"Miami, FL",25.798333,-80.210278,8/6/15,5.79,1.44,0.00,83.5,28.6,0.000,5.2,131,1017.6
"Miami, FL",25.798333,-80.210278,8/7/15,6.08,1.30,-0.42,83.4,28.5,0.000,5.2,150,1015.2
"Miami, FL",25.798333,-80.210278,8/8/15,10.25,1.23,-1.00,84.3,29.1,0.426,4.3,202,1014.2
"Miami, FL",25.798333,-80.210278,8/9/15,9.55,1.77,-1.00,83.5,28.6,0.004,4.3,274,1013.9
"Miami, FL",25.798333,-80.210278,8/10/15,11.54,1.59,-0.45,81.7,27.6,0.504,1.7,167,1014.2
"Miami, FL",25.798333,-80.210278,8/11/15,16.05,0.20,-0.17,80.8,27.1,0.378,1.7,154,1015.9
"Miami, FL",25.798333,-80.210278,8/12/15,11.54,0.00,-0.33,82.0,27.8,0.000,3.5,188,1016.3
"Miami, FL",25.798333,-80.210278,8/13/15,11.29,0.00,-0.75,81.4,27.4,0.002,4.3,271,1015.9
"Miami, FL",25.798333,-80.210278,8/14/15,10.96,0.00,-0.46,79.8,26.5,0.268,4.3,97,1016.6
"Miami, FL",25.798333,-80.210278,8/15/15,8.29,0.00,-0.54,79.0,26.1,0.114,4.3,124,1017.3
"Miami, FL",25.798333,-80.210278,8/16/15,5.08,0.00,-1.00,82.2,27.9,0.083,7.0,107,1017.6
"Miami, FL",25.798333,-80.210278,8/17/15,3.92,0.00,-0.80,83.0,28.4,0.043,7.8,95,1017.9
"Miami, FL",25.798333,-80.210278,8/18/15,5.91,2.40,0.00,83.0,28.3,0.008,7.0,109,1016.6
"Miami, FL",25.798333,-80.210278,8/19/15,5.75,1.99,0.00,84.0,28.9,0.004,7.0,127,1016.3
"Miami, FL",25.798333,-80.210278,8/20/15,4.92,1.67,0.00,81.9,27.7,0.002,6.1,125,1015.9
"Miami, FL",25.798333,-80.210278,8/21/15,8.13,1.67,0.00,81.8,27.7,0.002,4.3,136,1015.9
"Miami, FL",25.798333,-80.210278,8/22/15,11.83,0.00,0.00,81.2,27.3,0.240,2.6,335,1015.2
"Miami, FL",25.798333,-80.210278,8/23/15,6.46,0.00,0.00,81.5,27.5,0.002,4.3,2,1014.2
"Miami, FL",25.798333,-80.210278,8/24/15,6.08,3.05,0.00,82.8,28.2,0.102,4.3,31,1013.5
"Miami, FL",25.798333,-80.210278,8/25/15,8.79,2.17,0.00,83.5,28.6,0.071,3.5,100,1013.5
"Miami, FL",25.798333,-80.210278,8/26/15,11.21,1.60,0.00,79.3,26.3,0.138,3.5,153,1014.6
"Miami, FL",25.798333,-80.210278,8/27/15,13.59,1.55,0.00,78.1,25.6,0.032,5.2,152,1014.6
"Miami, FL",25.798333,-80.210278,8/28/15,10.29,0.00,0.00,81.1,27.3,0.000,6.1,116,1015.9
"Miami, FL",25.798333,-80.210278,8/29/15,2.92,0.00,0.00,80.6,27.0,0.055,9.6,85,1015.9
"Miami, FL",25.798333,-80.210278,8/30/15,3.92,0.00,0.00,78.3,25.7,1.087,7.0,122,1015.2
"Miami, FL",25.798333,-80.210278,8/31/15,6.46,0.00,0.00,81.7,27.6,0.000,6.1,133,1017.3
"Miami, FL",25.798333,-80.210278,9/1/15,6.83,0.00,0.00,80.6,27.0,0.000,4.3,99,1017.9
"Miami, FL",25.798333,-80.210278,9/2/15,5.83,0.00,0.00,80.1,26.7,0.461,4.3,99,1017.6
"Miami, FL",25.798333,-80.210278,9/3/15,12.65,0.00,0.00,79.7,26.5,0.008,4.3,256,1014.9
"Miami, FL",25.798333,-80.210278,9/4/15,17.00,0.00,0.00,79.5,26.4,0.146,3.5,291,1014.6
"Miami, FL",25.798333,-80.210278,9/5/15,17.33,0.00,0.00,78.6,25.9,0.028,1.7,197,1014.9
"Miami, FL",25.798333,-80.210278,9/6/15,13.83,0.00,0.00,78.2,25.6,0.122,1.7,47,1014.6
"Miami, FL",25.798333,-80.210278,9/7/15,15.21,0.00,0.00,77.4,25.2,0.134,1.7,175,1014.6
"Miami, FL",25.798333,-80.210278,9/8/15,7.61,0.00,0.00,81.6,27.5,0.075,4.3,136,1015.6
"Miami, FL",25.798333,-80.210278,9/9/15,8.00,0.00,0.00,80.5,27.0,0.002,4.3,123,1015.9
"Miami, FL",25.798333,-80.210278,9/10/15,8.42,0.00,0.00,81.0,27.2,0.020,3.5,149,1015.2
"Miami, FL",25.798333,-80.210278,9/11/15,6.75,0.92,0.00,82.2,27.9,0.002,3.5,144,1015.2
"Miami, FL",25.798333,-80.210278,9/12/15,4.58,1.50,0.00,82.0,27.8,0.232,5.2,184,1013.9
"Miami, FL",25.798333,-80.210278,9/13/15,6.08,1.65,0.00,80.7,27.1,0.016,6.1,209,1014.2
"Miami, FL",25.798333,-80.210278,9/14/15,9.50,2.10,0.00,80.2,26.8,0.002,6.1,55,1016.9
"Miami, FL",25.798333,-80.210278,9/15/15,4.64,2.15,0.00,78.0,25.5,0.059,11.3,99,1018.3
"Miami, FL",25.798333,-80.210278,9/16/15,5.67,1.96,0.00,75.4,24.1,0.548,7.0,75,1017.6
"Miami, FL",25.798333,-80.210278,9/17/15,16.25,1.06,0.00,75.9,24.4,0.666,2.6,30,1012.9
"Miami, FL",25.798333,-80.210278,9/18/15,,1.71,0.00,78.2,25.6,0.193,2.6,180,1008.8
"Miami, FL",25.798333,-80.210278,9/19/15,7.58,2.07,0.00,81.2,27.3,0.000,6.1,244,1009.8
"Miami, FL",25.798333,-80.210278,9/20/15,7.54,2.15,0.00,80.4,26.9,0.177,5.2,298,1012.5
"Miami, FL",25.798333,-80.210278,9/21/15,11.25,2.18,0.00,78.8,26.0,0.331,4.3,113,1012.9
"Miami, FL",25.798333,-80.210278,9/22/15,10.64,2.16,0.00,76.9,25.0,0.418,4.3,39,1012.9
"Miami, FL",25.798333,-80.210278,9/23/15,14.17,1.93,0.00,77.5,25.3,0.002,3.5,62,1012.9
"Miami, FL",25.798333,-80.210278,9/24/15,11.21,2.14,0.00,77.8,25.4,0.087,6.1,109,1012.9
"Miami, FL",25.798333,-80.210278,9/25/15,11.57,1.80,0.00,77.7,25.4,0.008,3.5,107,1013.2
"Miami, FL",25.798333,-80.210278,9/26/15,9.67,1.94,0.00,79.2,26.2,0.000,3.5,107,1012.9
"Miami, FL",25.798333,-80.210278,9/27/15,7.54,1.80,0.00,77.6,25.3,0.002,3.5,112,1013.2
"Miami, FL",25.798333,-80.210278,9/28/15,8.96,1.37,0.00,79.2,26.2,0.004,4.3,176,1012.5
"Miami, FL",25.798333,-80.210278,9/29/15,10.95,1.24,0.00,78.5,25.9,0.197,3.5,208,1010.8
"Miami, FL",25.798333,-80.210278,9/30/15,9.42,1.87,0.00,81.2,27.3,0.002,5.2,302,1008.1
"Houston, TX",29.7216,-95.49265,1/1/15,9.60,1.20,1.48,43.3,6.3,0.059,9.6,37,1022.7
"Houston, TX",29.7216,-95.49265,1/2/15,13.93,0.45,0.84,50.1,10.1,0.248,5.2,30,1016.9
"Houston, TX",29.7216,-95.49265,1/3/15,11.33,0.26,0.34,47.9,8.8,0.248,6.1,292,1015.2
"Houston, TX",29.7216,-95.49265,1/4/15,13.94,1.63,0.31,44.8,7.1,0.000,7.0,341,1029.5
"Houston, TX",29.7216,-95.49265,1/5/15,23.41,1.20,1.85,40.0,4.4,0.000,7.8,31,1035.6
"Houston, TX",29.7216,-95.49265,1/6/15,27.68,0.43,1.40,49.2,9.6,0.000,1.7,207,1029.8
"Houston, TX",29.7216,-95.49265,1/7/15,26.38,1.84,1.00,49.5,9.7,0.000,6.1,10,1032.5
"Houston, TX",29.7216,-95.49265,1/8/15,15.49,1.53,1.49,35.8,2.1,0.004,8.7,80,1034.2
"Houston, TX",29.7216,-95.49265,1/9/15,22.98,1.48,2.11,37.7,3.1,0.024,7.0,31,1030.8
"Houston, TX",29.7216,-95.49265,1/10/15,14.22,1.95,1.74,38.3,3.5,0.032,10.4,47,1030.1
"Houston, TX",29.7216,-95.49265,1/11/15,16.75,0.65,0.85,44.2,6.8,0.260,7.0,346,1022.0
"Houston, TX",29.7216,-95.49265,1/12/15,15.28,0.94,-0.17,45.3,7.4,0.002,7.8,345,1024.7
"Houston, TX",29.7216,-95.49265,1/13/15,13.68,1.08,-0.02,44.0,6.7,0.020,10.4,8,1028.1
"Houston, TX",29.7216,-95.49265,1/14/15,20.70,1.36,0.27,41.9,5.5,0.002,7.8,11,1026.4
"Houston, TX",29.7216,-95.49265,1/15/15,24.88,0.99,0.30,44.3,6.8,0.002,7.8,343,1025.7
"Houston, TX",29.7216,-95.49265,1/16/15,29.81,0.66,2.33,46.1,7.8,0.000,0.9,175,1026.4
"Houston, TX",29.7216,-95.49265,1/17/15,22.23,1.20,0.27,53.3,11.8,0.000,3.5,208,1021.0
"Houston, TX",29.7216,-95.49265,1/18/15,20.06,1.65,0.69,55.7,13.1,0.000,4.3,72,1025.4
"Houston, TX",29.7216,-95.49265,1/19/15,19.53,1.51,0.18,54.8,12.7,0.000,4.3,176,1019.3
"Houston, TX",29.7216,-95.49265,1/20/15,18.73,1.43,-0.05,60.3,15.7,0.000,0.9,180,1015.2
"Houston, TX",29.7216,-95.49265,1/21/15,22.15,1.99,0.09,59.7,15.4,0.002,4.3,75,1018.3
"Houston, TX",29.7216,-95.49265,1/22/15,14.39,2.63,0.21,51.8,11.0,0.343,13.0,53,1016.3
"Houston, TX",29.7216,-95.49265,1/23/15,17.68,1.12,-0.09,41.8,5.5,0.012,12.2,329,1021.7
"Houston, TX",29.7216,-95.49265,1/24/15,19.36,0.95,0.06,48.1,9.0,0.000,6.1,240,1022.4
"Houston, TX",29.7216,-95.49265,1/25/15,17.41,1.88,0.06,55.5,13.1,0.000,6.1,264,1018.3
"Houston, TX",29.7216,-95.49265,1/26/15,27.30,1.15,0.38,56.5,13.6,0.000,6.1,278,1022.7
"Houston, TX",29.7216,-95.49265,1/27/15,34.68,1.11,0.76,61.8,16.5,0.000,4.3,249,1021.0
"Houston, TX",29.7216,-95.49265,1/28/15,27.79,1.42,0.77,61.6,16.5,0.000,1.7,168,1021.7
"Houston, TX",29.7216,-95.49265,1/29/15,23.43,1.36,0.22,64.4,18.0,0.000,1.7,239,1023.4
"Houston, TX",29.7216,-95.49265,1/30/15,15.51,1.67,0.90,55.4,13.0,0.000,10.4,57,1027.8
"Houston, TX",29.7216,-95.49265,1/31/15,11.57,1.88,0.60,54.5,12.5,0.002,8.7,97,1020.3
"Houston, TX",29.7216,-95.49265,2/1/15,8.75,1.70,-0.23,65.0,18.3,0.004,7.8,217,1014.6
"Houston, TX",29.7216,-95.49265,2/2/15,19.80,1.92,0.36,42.9,6.0,0.000,14.8,6,1026.4
"Houston, TX",29.7216,-95.49265,2/3/15,23.63,0.94,1.57,42.9,6.0,0.067,5.2,65,1026.1
"Houston, TX",29.7216,-95.49265,2/4/15,20.30,1.03,0.98,50.5,10.3,0.063,4.3,61,1020.0
"Houston, TX",29.7216,-95.49265,2/5/15,15.68,0.50,0.03,46.5,8.1,0.002,7.0,344,1026.4
"Houston, TX",29.7216,-95.49265,2/6/15,18.75,0.35,0.80,46.4,8.0,0.000,3.5,51,1029.1
"Houston, TX",29.7216,-95.49265,2/7/15,15.11,1.53,0.10,55.4,13.0,0.000,4.3,173,1021.0
"Houston, TX",29.7216,-95.49265,2/8/15,8.56,1.45,-0.10,64.5,18.0,0.000,6.1,192,1014.2
"Houston, TX",29.7216,-95.49265,2/9/15,30.83,1.54,0.01,68.3,20.1,0.000,4.3,338,1016.6
"Houston, TX",29.7216,-95.49265,2/10/15,19.23,1.41,0.74,60.2,15.7,0.000,4.3,106,1017.3
"Houston, TX",29.7216,-95.49265,2/11/15,16.31,1.55,0.17,59.6,15.3,0.000,3.5,120,1017.9
"Houston, TX",29.7216,-95.49265,2/12/15,28.25,1.96,0.54,55.8,13.2,0.000,7.0,8,1025.4
"Houston, TX",29.7216,-95.49265,2/13/15,17.43,1.54,1.35,52.8,11.6,0.000,3.5,123,1027.1
"Houston, TX",29.7216,-95.49265,2/14/15,20.11,1.44,0.18,61.5,16.4,0.000,3.5,239,1023.7
"Houston, TX",29.7216,-95.49265,2/15/15,7.59,0.00,-0.08,63.1,17.3,0.008,4.3,174,1019.3
"Houston, TX",29.7216,-95.49265,2/16/15,10.51,0.00,-0.18,52.0,11.1,0.059,10.4,299,1014.6
"Houston, TX",29.7216,-95.49265,2/17/15,23.25,0.00,0.24,40.7,4.8,0.002,10.4,357,1022.7
"Houston, TX",29.7216,-95.49265,2/18/15,23.65,0.00,0.95,47.8,8.8,0.000,3.5,240,1027.4
"Houston, TX",29.7216,-95.49265,2/19/15,15.56,0.00,1.28,51.3,10.7,0.000,5.2,120,1026.8
"Houston, TX",29.7216,-95.49265,2/20/15,5.78,0.00,-0.03,64.3,18.0,0.004,11.3,168,1016.3
"Houston, TX",29.7216,-95.49265,2/21/15,5.57,1.67,-0.24,68.0,20.0,0.002,8.7,180,1013.5
"Houston, TX",29.7216,-95.49265,2/22/15,5.55,1.81,-0.14,64.4,18.0,0.002,5.2,146,1017.6
"Houston, TX",29.7216,-95.49265,2/23/15,16.16,1.86,0.10,39.1,4.0,0.008,13.9,3,1027.8
"Houston, TX",29.7216,-95.49265,2/24/15,21.33,1.69,0.26,37.0,2.8,0.002,7.0,357,1022.7
"Houston, TX",29.7216,-95.49265,2/25/15,18.78,1.13,0.34,41.1,5.1,0.039,7.0,333,1013.2
"Houston, TX",29.7216,-95.49265,2/26/15,19.09,1.87,0.63,40.3,4.6,0.000,7.8,9,1021.0
"Houston, TX",29.7216,-95.49265,2/27/15,17.60,2.37,1.35,40.5,4.7,0.000,11.3,50,1027.8
"Houston, TX",29.7216,-95.49265,2/28/15,15.44,2.46,1.44,47.5,8.6,0.008,9.6,81,1025.4
"Houston, TX",29.7216,-95.49265,3/1/15,14.20,0.81,-0.16,54.3,12.4,0.087,6.1,20,1022.7
"Houston, TX",29.7216,-95.49265,3/2/15,16.02,0.48,0.10,52.7,11.5,0.004,6.1,23,1023.4
"Houston, TX",29.7216,-95.49265,3/3/15,6.85,0.83,-0.32,66.4,19.1,0.000,7.0,155,1015.6
"Houston, TX",29.7216,-95.49265,3/4/15,5.05,1.17,-0.52,69.6,20.9,0.002,9.6,175,1012.2
"Houston, TX",29.7216,-95.49265,3/5/15,18.58,3.04,0.02,41.4,5.2,0.059,18.2,6,1027.1
"Houston, TX",29.7216,-95.49265,3/6/15,25.88,2.63,1.12,42.0,5.6,0.000,8.7,38,1034.2
"Houston, TX",29.7216,-95.49265,3/7/15,23.12,2.46,2.52,50.0,10.0,0.002,4.3,100,1030.1
"Houston, TX",29.7216,-95.49265,3/8/15,23.28,2.37,0.18,48.1,9.0,0.587,6.1,44,1022.4
"Houston, TX",29.7216,-95.49265,3/9/15,15.02,1.09,-0.46,57.8,14.3,0.772,7.8,138,1013.2
"Houston, TX",29.7216,-95.49265,3/10/15,19.74,1.58,-0.61,55.0,12.8,0.000,7.0,336,1016.6
"Houston, TX",29.7216,-95.49265,3/11/15,20.81,1.95,-0.48,55.8,13.2,0.047,10.4,14,1021.3
"Houston, TX",29.7216,-95.49265,3/12/15,18.55,0.97,-0.63,57.3,14.1,0.130,9.6,345,1016.6
"Houston, TX",29.7216,-95.49265,3/13/15,19.03,0.47,-0.59,59.1,15.0,0.134,6.1,261,1015.2
"Houston, TX",29.7216,-95.49265,3/14/15,20.85,1.80,-0.51,63.7,17.6,0.000,4.3,265,1018.6
"Houston, TX",29.7216,-95.49265,3/15/15,17.38,1.54,0.59,63.0,17.2,0.000,4.3,353,1024.0
"Houston, TX",29.7216,-95.49265,3/16/15,18.55,1.66,1.08,66.1,19.0,0.000,4.3,67,1023.0
"Houston, TX",29.7216,-95.49265,3/17/15,17.94,1.19,1.35,70.7,21.5,0.000,1.7,229,1020.7
"Houston, TX",29.7216,-95.49265,3/18/15,11.74,1.20,0.12,70.2,21.2,0.043,4.3,215,1016.9
"Houston, TX",29.7216,-95.49265,3/19/15,8.35,0.58,-0.28,69.8,21.0,0.193,5.2,172,1015.6
"Houston, TX",29.7216,-95.49265,3/20/15,6.13,1.17,-0.30,72.5,22.5,0.008,4.3,171,1017.9
"Houston, TX",29.7216,-95.49265,3/21/15,12.95,0.59,-0.25,64.2,17.9,0.398,6.1,2,1016.3
"Houston, TX",29.7216,-95.49265,3/22/15,14.54,1.64,-0.04,65.8,18.8,0.000,6.1,309,1015.6
"Houston, TX",29.7216,-95.49265,3/23/15,21.37,2.36,0.14,65.1,18.4,0.000,5.2,26,1018.3
"Houston, TX",29.7216,-95.49265,3/24/15,8.63,2.55,0.06,66.6,19.2,0.000,3.5,162,1017.3
"Houston, TX",29.7216,-95.49265,3/25/15,9.08,2.33,0.02,68.3,20.1,0.000,3.5,156,1015.2
"Houston, TX",29.7216,-95.49265,3/26/15,16.96,1.54,0.05,62.7,17.1,0.035,6.1,336,1014.2
"Houston, TX",29.7216,-95.49265,3/27/15,31.04,1.67,0.68,62.2,16.8,0.000,7.0,289,1020.7
"Houston, TX",29.7216,-95.49265,3/28/15,16.11,2.62,1.00,67.1,19.5,0.000,4.3,183,1020.7
"Houston, TX",29.7216,-95.49265,3/29/15,4.54,2.51,-0.33,69.6,20.9,0.000,7.8,173,1021.0
"Houston, TX",29.7216,-95.49265,3/30/15,8.54,1.71,-0.33,71.4,21.9,0.000,3.5,190,1021.3
"Houston, TX",29.7216,-95.49265,3/31/15,6.05,1.65,-0.45,72.1,22.3,0.000,5.2,197,1017.9
"Houston, TX",29.7216,-95.49265,4/1/15,5.73,1.97,-0.52,72.3,22.4,0.004,5.2,171,1015.2
"Houston, TX",29.7216,-95.49265,4/2/15,4.55,2.41,-0.54,74.8,23.8,0.000,7.0,169,1015.2
"Houston, TX",29.7216,-95.49265,4/3/15,5.79,1.63,-0.54,76.1,24.5,0.002,8.7,190,1016.3
"Houston, TX",29.7216,-95.49265,4/4/15,11.35,2.46,0.13,66.4,19.1,0.000,10.4,30,1022.0
"Houston, TX",29.7216,-95.49265,4/5/15,13.50,1.10,0.41,62.7,17.1,0.008,5.2,77,1016.6
"Houston, TX",29.7216,-95.49265,4/6/15,5.29,1.47,-0.27,73.6,23.1,0.002,7.8,165,1016.3
"Houston, TX",29.7216,-95.49265,4/7/15,4.83,1.73,-0.28,76.5,24.7,0.000,7.0,168,1016.6
"Houston, TX",29.7216,-95.49265,4/8/15,4.24,1.68,-0.27,76.2,24.5,0.000,7.0,170,1015.9
"Houston, TX",29.7216,-95.49265,4/9/15,3.90,1.44,-0.26,77.3,25.2,0.000,8.7,179,1013.5
"Houston, TX",29.7216,-95.49265,4/10/15,17.38,0.78,-0.21,67.0,19.5,0.686,5.2,13,1017.3
"Houston, TX",29.7216,-95.49265,4/11/15,12.43,1.54,0.07,68.0,20.0,0.051,5.2,80,1016.9
"Houston, TX",29.7216,-95.49265,4/12/15,4.39,1.37,-0.18,72.0,22.2,0.055,5.2,134,1013.5
"Houston, TX",29.7216,-95.49265,4/13/15,11.63,1.88,-0.08,77.3,25.2,0.126,6.1,210,1011.9
"Houston, TX",29.7216,-95.49265,4/14/15,20.32,1.33,-0.10,70.1,21.2,0.047,4.3,255,1016.3
"Houston, TX",29.7216,-95.49265,4/15/15,14.86,2.75,0.03,69.4,20.8,0.002,4.3,27,1015.6
"Houston, TX",29.7216,-95.49265,4/16/15,12.33,2.19,-0.10,70.9,21.6,0.654,4.3,95,1013.9
"Houston, TX",29.7216,-95.49265,4/17/15,9.65,2.38,-0.15,72.1,22.3,0.433,11.3,89,1013.2
"Houston, TX",29.7216,-95.49265,4/18/15,14.66,1.77,-0.19,70.8,21.6,0.035,7.0,117,1010.2
"Houston, TX",29.7216,-95.49265,4/19/15,12.98,2.27,0.30,70.5,21.4,0.213,7.8,229,1009.1
"Houston, TX",29.7216,-95.49265,4/20/15,24.77,2.48,0.26,65.4,18.5,0.000,8.7,357,1014.2
"Houston, TX",29.7216,-95.49265,4/21/15,15.30,3.21,0.77,68.4,20.2,0.000,5.2,91,1015.6
"Houston, TX",29.7216,-95.49265,4/22/15,7.98,3.08,0.09,74.2,23.4,0.000,4.3,134,1012.9
"Houston, TX",29.7216,-95.49265,4/23/15,10.83,2.33,0.05,77.4,25.2,0.000,2.6,153,1012.5
"Houston, TX",29.7216,-95.49265,4/24/15,6.30,1.25,-0.05,77.6,25.3,0.002,4.3,157,1010.2
"Houston, TX",29.7216,-95.49265,4/25/15,10.11,2.60,-0.04,76.5,24.7,0.083,6.1,184,1008.1
"Houston, TX",29.7216,-95.49265,4/26/15,6.45,2.70,-0.09,75.5,24.1,0.002,4.3,138,1005.4
"Houston, TX",29.7216,-95.49265,4/27/15,12.76,2.56,0.53,72.0,22.2,0.008,7.0,61,1004.4
"Houston, TX",29.7216,-95.49265,4/28/15,16.74,2.23,0.17,63.0,17.2,0.002,8.7,344,1012.2
"Houston, TX",29.7216,-95.49265,4/29/15,26.74,2.38,0.17,63.2,17.3,0.000,7.8,338,1015.9
"Houston, TX",29.7216,-95.49265,4/30/15,24.45,3.59,0.42,68.5,20.3,0.000,2.6,219,1015.6
"Houston, TX",29.7216,-95.49265,5/1/15,21.40,3.15,0.48,70.4,21.3,0.000,1.7,210,1017.3
"Houston, TX",29.7216,-95.49265,5/2/15,14.25,3.33,0.53,71.0,21.7,0.000,2.6,185,1017.9
"Houston, TX",29.7216,-95.49265,5/3/15,5.14,3.87,-0.04,70.9,21.6,0.000,3.5,148,1017.6
"Houston, TX",29.7216,-95.49265,5/4/15,6.65,4.20,-0.05,73.7,23.2,0.000,6.1,120,1018.6
"Houston, TX",29.7216,-95.49265,5/5/15,4.23,3.52,-0.21,74.1,23.4,0.051,7.0,129,1016.6
"Houston, TX",29.7216,-95.49265,5/6/15,3.70,2.85,-0.25,75.8,24.4,0.162,8.7,139,1014.9
"Houston, TX",29.7216,-95.49265,5/7/15,2.98,2.29,-0.27,78.7,25.9,0.002,8.7,145,1013.5
"Houston, TX",29.7216,-95.49265,5/8/15,2.33,1.81,-0.28,79.5,26.4,0.002,10.4,154,1013.9
"Houston, TX",29.7216,-95.49265,5/9/15,2.08,1.98,-0.28,80.4,26.9,0.002,10.4,152,1012.9
"Houston, TX",29.7216,-95.49265,5/10/15,2.12,1.76,-0.08,79.5,26.4,0.012,11.3,156,1012.5
"Houston, TX",29.7216,-95.49265,5/11/15,12.06,1.81,0.00,74.1,23.4,0.110,8.7,88,1016.3
"Houston, TX",29.7216,-95.49265,5/12/15,16.50,1.35,0.10,71.1,21.7,0.221,5.2,74,1020.0
"Houston, TX",29.7216,-95.49265,5/13/15,12.20,0.95,-0.11,72.8,22.7,0.611,6.1,133,1019.0
"Houston, TX",29.7216,-95.49265,5/14/15,10.14,1.25,-0.10,77.0,25.0,0.020,5.2,143,1017.9
"Houston, TX",29.7216,-95.49265,5/15/15,7.38,0.86,-0.10,75.8,24.3,0.059,5.2,159,1014.9
"Houston, TX",29.7216,-95.49265,5/16/15,3.18,1.66,-0.16,81.0,27.2,0.000,7.0,154,1013.2
"Houston, TX",29.7216,-95.49265,5/17/15,5.69,1.54,-0.18,77.5,25.3,0.386,7.8,147,1015.6
"Houston, TX",29.7216,-95.49265,5/18/15,5.94,0.98,-0.18,78.5,25.8,0.095,5.2,158,1018.6
"Houston, TX",29.7216,-95.49265,5/19/15,3.84,1.13,-0.19,78.5,25.8,0.008,4.3,147,1016.9
"Houston, TX",29.7216,-95.49265,5/20/15,3.71,0.88,-0.13,78.9,26.1,0.122,4.3,167,1014.9
"Houston, TX",29.7216,-95.49265,5/21/15,10.77,1.40,0.02,74.2,23.4,0.426,3.5,52,1017.3
"Houston, TX",29.7216,-95.49265,5/22/15,7.69,2.00,0.09,71.8,22.1,0.000,7.8,79,1019.6
"Houston, TX",29.7216,-95.49265,5/23/15,3.32,1.69,-0.13,78.2,25.7,0.284,7.0,141,1018.3
"Houston, TX",29.7216,-95.49265,5/24/15,3.30,2.26,-0.29,75.9,24.4,0.221,7.8,160,1013.9
"Houston, TX",29.7216,-95.49265,5/25/15,3.66,2.42,-0.34,77.4,25.2,1.710,7.0,138,1013.9
"Houston, TX",29.7216,-95.49265,5/26/15,5.72,2.98,-0.29,75.5,24.1,0.303,10.4,151,1016.6
"Houston, TX",29.7216,-95.49265,5/27/15,8.78,2.65,-0.27,76.5,24.7,0.556,7.0,120,1018.3
"Houston, TX",29.7216,-95.49265,5/28/15,5.56,1.78,-0.28,80.1,26.7,0.000,4.3,142,1017.3
"Houston, TX",29.7216,-95.49265,5/29/15,7.50,1.95,-0.27,79.4,26.3,0.004,5.2,179,1015.2
"Houston, TX",29.7216,-95.49265,5/30/15,9.50,1.97,-0.20,76.5,24.7,0.225,5.2,206,1016.3
"Houston, TX",29.7216,-95.49265,5/31/15,18.02,2.34,-0.01,75.7,24.3,0.000,6.1,338,1017.3
"Houston, TX",29.7216,-95.49265,6/1/15,21.67,3.10,0.54,77.9,25.5,0.000,3.5,56,1017.3
"Houston, TX",29.7216,-95.49265,6/2/15,18.09,3.18,0.24,78.7,25.9,0.000,0.9,165,1015.6
"Houston, TX",29.7216,-95.49265,6/3/15,10.62,4.23,0.05,80.7,27.0,0.000,1.7,185,1013.9
"Houston, TX",29.7216,-95.49265,6/4/15,7.27,4.06,0.11,81.1,27.3,0.000,1.7,156,1015.2
"Houston, TX",29.7216,-95.49265,6/5/15,11.61,3.14,0.23,82.8,28.2,0.000,2.6,170,1016.3
"Houston, TX",29.7216,-95.49265,6/6/15,12.74,3.69,0.55,82.8,28.2,0.000,2.6,202,1015.6
"Houston, TX",29.7216,-95.49265,6/7/15,6.24,3.18,0.23,83.2,28.4,0.000,2.6,186,1014.6
"Houston, TX",29.7216,-95.49265,6/8/15,10.20,2.38,-0.02,83.1,28.4,0.000,1.7,213,1015.2
"Houston, TX",29.7216,-95.49265,6/9/15,13.67,2.75,0.85,83.4,28.5,0.000,4.3,210,1012.9
"Houston, TX",29.7216,-95.49265,6/10/15,5.58,2.21,0.25,85.0,29.5,0.000,3.5,194,1011.5
"Houston, TX",29.7216,-95.49265,6/11/15,3.37,1.38,-0.11,83.5,28.6,0.004,5.2,170,1010.8
"Houston, TX",29.7216,-95.49265,6/12/15,3.76,1.95,-0.13,84.1,29.0,0.002,4.3,135,1011.5
"Houston, TX",29.7216,-95.49265,6/13/15,3.05,1.61,-0.20,78.4,25.8,0.138,7.0,126,1012.5
"Houston, TX",29.7216,-95.49265,6/14/15,1.73,1.51,-0.11,80.5,26.9,0.205,5.2,131,1013.2
"Houston, TX",29.7216,-95.49265,6/15/15,6.93,1.08,-0.07,78.9,26.0,0.055,7.8,83,1012.5
"Houston, TX",29.7216,-95.49265,6/16/15,2.83,1.23,-0.19,76.3,24.6,0.890,8.7,114,1012.2
"Houston, TX",29.7216,-95.49265,6/17/15,1.50,0.79,-0.23,78.9,26.1,0.276,9.6,179,1013.5
"Houston, TX",29.7216,-95.49265,6/18/15,3.77,0.70,-0.09,81.2,27.3,0.002,7.8,174,1015.6
"Houston, TX",29.7216,-95.49265,6/19/15,5.21,0.83,-0.09,82.3,27.9,0.000,3.5,189,1016.9
"Houston, TX",29.7216,-95.49265,6/20/15,2.08,0.98,-0.13,83.0,28.3,0.079,4.3,177,1017.3
"Houston, TX",29.7216,-95.49265,6/21/15,1.39,1.00,-0.19,84.4,29.1,0.000,6.1,153,1018.3
"Houston, TX",29.7216,-95.49265,6/22/15,3.35,0.95,-0.16,83.5,28.6,0.000,3.5,156,1019.3
"Houston, TX",29.7216,-95.49265,6/23/15,4.30,1.40,-0.10,83.5,28.6,0.000,2.6,138,1020.3
"Houston, TX",29.7216,-95.49265,6/24/15,4.20,2.18,-0.08,84.1,29.0,0.000,1.7,164,1020.0
"Houston, TX",29.7216,-95.49265,6/25/15,6.10,1.40,-0.06,82.8,28.2,0.000,2.6,177,1018.3
"Houston, TX",29.7216,-95.49265,6/26/15,3.77,0.90,0.00,82.6,28.1,0.051,6.1,210,1016.3
"Houston, TX",29.7216,-95.49265,6/27/15,5.85,1.32,-0.07,82.5,28.1,0.938,6.1,226,1015.9
"Houston, TX",29.7216,-95.49265,6/28/15,4.85,1.20,-0.15,80.0,26.7,0.883,4.3,238,1016.6
"Houston, TX",29.7216,-95.49265,6/29/15,2.78,0.70,-0.15,83.0,28.3,0.000,5.2,204,1016.6
"Houston, TX",29.7216,-95.49265,6/30/15,8.23,0.76,0.03,78.0,25.6,0.890,5.2,160,1017.3
"Houston, TX",29.7216,-95.49265,7/1/15,13.05,0.44,-0.10,75.6,24.2,0.150,3.5,215,1017.9
"Houston, TX",29.7216,-95.49265,7/2/15,4.66,0.88,-0.15,80.7,27.1,0.000,4.3,168,1016.6
"Houston, TX",29.7216,-95.49265,7/3/15,2.54,1.00,-0.15,83.1,28.4,0.002,3.5,172,1015.9
"Houston, TX",29.7216,-95.49265,7/4/15,1.31,0.83,-0.23,82.7,28.2,0.002,5.2,179,1016.3
"Houston, TX",29.7216,-95.49265,7/5/15,-1.09,1.12,-0.25,84.3,29.1,0.000,6.1,173,1017.6
"Houston, TX",29.7216,-95.49265,7/6/15,-0.45,1.16,-0.24,84.5,29.2,0.000,7.0,167,1017.6
"Houston, TX",29.7216,-95.49265,7/7/15,-0.77,1.12,-0.25,84.9,29.4,0.002,7.0,162,1016.9
"Houston, TX",29.7216,-95.49265,7/8/15,-0.61,1.23,-0.22,84.8,29.3,0.000,7.8,168,1017.6
"Houston, TX",29.7216,-95.49265,7/9/15,-0.45,1.06,-0.21,84.6,29.2,0.000,5.2,162,1018.3
"Houston, TX",29.7216,-95.49265,7/10/15,0.29,1.18,-0.16,84.0,28.9,0.002,3.5,168,1019.0
"Houston, TX",29.7216,-95.49265,7/11/15,0.01,1.23,-0.20,83.9,28.8,0.002,2.6,165,1020.3
"Houston, TX",29.7216,-95.49265,7/12/15,0.66,1.32,-0.24,84.6,29.2,0.000,4.3,187,1018.6
"Houston, TX",29.7216,-95.49265,7/13/15,3.36,1.30,-0.24,84.9,29.4,0.000,5.2,206,1014.9
"Houston, TX",29.7216,-95.49265,7/14/15,1.67,1.43,-0.26,85.0,29.4,0.000,5.2,191,1012.9
"Houston, TX",29.7216,-95.49265,7/15/15,1.81,1.61,-0.24,84.7,29.3,0.000,5.2,184,1014.2
"Houston, TX",29.7216,-95.49265,7/16/15,1.82,1.40,-0.23,85.1,29.5,0.000,2.6,177,1015.2
"Houston, TX",29.7216,-95.49265,7/17/15,1.41,1.11,-0.29,85.3,29.6,0.024,2.6,183,1015.2
"Houston, TX",29.7216,-95.49265,7/18/15,1.01,1.27,-0.36,86.2,30.1,0.000,5.2,182,1016.3
"Houston, TX",29.7216,-95.49265,7/19/15,1.63,1.50,-0.25,85.9,29.9,0.000,1.7,194,1016.3
"Houston, TX",29.7216,-95.49265,7/20/15,4.13,1.22,-0.20,85.7,29.8,0.000,4.3,204,1014.6
"Houston, TX",29.7216,-95.49265,7/21/15,3.15,1.07,-0.22,85.1,29.5,0.002,4.3,193,1012.9
"Houston, TX",29.7216,-95.49265,7/22/15,2.04,1.04,-0.22,85.3,29.6,0.002,5.2,186,1013.5
"Houston, TX",29.7216,-95.49265,7/23/15,2.48,1.19,-0.22,86.1,30.1,0.000,7.0,192,1015.9
"Houston, TX",29.7216,-95.49265,7/24/15,2.89,1.47,-0.23,86.0,30.0,0.000,4.3,192,1016.6
"Houston, TX",29.7216,-95.49265,7/25/15,2.25,1.53,-0.27,85.9,30.0,0.000,3.5,185,1014.9
"Houston, TX",29.7216,-95.49265,7/26/15,2.04,1.53,-0.23,86.5,30.3,0.000,3.5,196,1013.2
"Houston, TX",29.7216,-95.49265,7/27/15,2.92,1.23,-0.24,86.3,30.2,0.000,3.5,193,1013.5
"Houston, TX",29.7216,-95.49265,7/28/15,2.05,1.37,-0.18,86.6,30.3,0.000,4.3,175,1014.9
"Houston, TX",29.7216,-95.49265,7/29/15,6.02,2.03,0.10,87.1,30.6,0.000,2.6,193,1016.6
"Houston, TX",29.7216,-95.49265,7/30/15,14.00,2.19,0.08,86.5,30.3,0.067,4.3,265,1016.6
"Houston, TX",29.7216,-95.49265,7/31/15,16.14,2.53,0.08,87.5,30.8,0.000,5.2,31,1015.2
"Houston, TX",29.7216,-95.49265,8/1/15,11.40,2.79,0.84,85.4,29.7,0.000,4.3,68,1013.9
"Houston, TX",29.7216,-95.49265,8/2/15,12.69,3.55,0.40,85.5,29.7,0.000,1.7,104,1012.5
"Houston, TX",29.7216,-95.49265,8/3/15,11.52,3.86,-0.03,85.5,29.7,0.000,2.6,178,1012.5
"Houston, TX",29.7216,-95.49265,8/4/15,5.38,1.14,-0.31,84.2,29.0,0.002,4.3,186,1014.6
"Houston, TX",29.7216,-95.49265,8/5/15,4.37,1.23,-0.33,86.8,30.4,0.000,6.1,189,1015.2
"Houston, TX",29.7216,-95.49265,8/6/15,3.92,1.33,-0.37,87.2,30.6,0.000,5.2,198,1013.9
"Houston, TX",29.7216,-95.49265,8/7/15,3.81,1.40,-0.38,86.9,30.5,0.000,5.2,194,1013.2
"Houston, TX",29.7216,-95.49265,8/8/15,4.34,1.48,-0.33,87.4,30.8,0.000,4.3,199,1013.5
"Houston, TX",29.7216,-95.49265,8/9/15,3.84,1.91,-0.16,86.9,30.5,0.000,4.3,211,1014.2
"Houston, TX",29.7216,-95.49265,8/10/15,8.54,2.75,-0.22,87.5,30.9,0.000,4.3,220,1013.5
"Houston, TX",29.7216,-95.49265,8/11/15,11.68,2.20,-0.18,86.1,30.1,0.067,6.1,261,1014.9
"Houston, TX",29.7216,-95.49265,8/12/15,15.27,4.08,-0.17,86.7,30.4,0.000,2.6,178,1016.3
"Houston, TX",29.7216,-95.49265,8/13/15,10.66,3.49,-0.13,86.6,30.3,0.000,4.3,196,1015.2
"Houston, TX",29.7216,-95.49265,8/14/15,16.37,2.58,-0.05,87.0,30.6,0.000,2.6,46,1015.6
"Houston, TX",29.7216,-95.49265,8/15/15,15.31,2.96,-0.13,84.0,28.9,0.000,6.1,60,1014.9
"Houston, TX",29.7216,-95.49265,8/16/15,11.43,2.38,0.10,81.2,27.3,0.296,4.3,77,1014.2
"Houston, TX",29.7216,-95.49265,8/17/15,11.80,3.00,-0.05,82.0,27.8,0.000,2.6,158,1014.2
"Houston, TX",29.7216,-95.49265,8/18/15,4.35,1.31,-0.05,85.1,29.5,0.000,6.1,193,1011.9
"Houston, TX",29.7216,-95.49265,8/19/15,10.15,0.63,-0.06,80.8,27.1,0.047,5.2,139,1011.2
"Houston, TX",29.7216,-95.49265,8/20/15,19.98,0.78,-0.09,75.4,24.1,0.362,4.3,109,1014.2
"Houston, TX",29.7216,-95.49265,8/21/15,12.75,1.31,-0.08,78.1,25.6,0.315,3.5,110,1014.9
"Houston, TX",29.7216,-95.49265,8/22/15,5.95,0.91,-0.16,83.2,28.4,0.000,4.3,173,1014.9
"Houston, TX",29.7216,-95.49265,8/23/15,4.16,1.37,-0.15,85.7,29.8,0.000,3.5,180,1015.9
"Houston, TX",29.7216,-95.49265,8/24/15,8.47,2.17,-0.09,86.3,30.2,0.000,2.6,208,1016.9
"Houston, TX",29.7216,-95.49265,8/25/15,17.63,1.41,-0.08,79.9,26.6,0.071,6.1,6,1017.6
"Houston, TX",29.7216,-95.49265,8/26/15,16.10,1.88,0.36,79.5,26.4,0.000,5.2,74,1018.6
"Houston, TX",29.7216,-95.49265,8/27/15,19.73,2.19,0.52,80.3,26.8,0.000,2.6,16,1017.3
"Houston, TX",29.7216,-95.49265,8/28/15,19.73,3.68,0.21,80.6,27.0,0.000,1.7,162,1015.9
"Houston, TX",29.7216,-95.49265,8/29/15,11.60,3.79,0.00,79.9,26.6,0.000,1.7,153,1016.6
"Houston, TX",29.7216,-95.49265,8/30/15,9.19,3.05,0.28,79.9,26.6,0.000,1.7,157,1016.3
"Houston, TX",29.7216,-95.49265,8/31/15,9.63,0.65,-0.08,79.2,26.2,0.000,1.7,136,1016.6
"Houston, TX",29.7216,-95.49265,9/1/15,13.30,1.13,-0.13,75.9,24.4,0.002,3.5,98,1017.3
"Houston, TX",29.7216,-95.49265,9/2/15,9.34,1.79,-0.18,77.4,25.2,0.008,5.2,111,1016.3
"Houston, TX",29.7216,-95.49265,9/3/15,12.59,1.85,-0.13,80.3,26.9,0.000,1.7,95,1013.5
"Houston, TX",29.7216,-95.49265,9/4/15,7.48,1.15,-0.15,81.8,27.6,0.114,2.6,159,1013.9
"Houston, TX",29.7216,-95.49265,9/5/15,7.84,0.82,-0.17,81.9,27.7,0.422,3.5,181,1016.3
"Houston, TX",29.7216,-95.49265,9/6/15,4.71,1.38,-0.21,84.9,29.4,0.000,1.7,174,1015.6
"Houston, TX",29.7216,-95.49265,9/7/15,5.52,1.81,-0.20,84.0,28.9,0.000,2.6,171,1014.2
"Houston, TX",29.7216,-95.49265,9/8/15,7.28,2.34,-0.16,83.0,28.3,0.083,1.7,166,1013.2
"Houston, TX",29.7216,-95.49265,9/9/15,10.90,0.85,-0.16,81.0,27.2,0.002,3.5,172,1012.9
"Houston, TX",29.7216,-95.49265,9/10/15,10.61,0.63,-0.11,78.5,25.8,0.016,3.5,179,1013.5
"Houston, TX",29.7216,-95.49265,9/11/15,18.30,0.46,-0.12,75.7,24.3,0.296,1.7,346,1013.5
"Houston, TX",29.7216,-95.49265,9/12/15,16.88,1.84,0.02,77.5,25.3,0.004,6.1,29,1015.9
"Houston, TX",29.7216,-95.49265,9/13/15,11.45,2.34,0.32,72.4,22.4,0.000,4.3,101,1017.6
"Houston, TX",29.7216,-95.49265,9/14/15,14.99,2.90,0.36,74.0,23.3,0.000,4.3,85,1017.6
"Houston, TX",29.7216,-95.49265,9/15/15,6.39,1.66,-0.29,80.4,26.9,0.002,6.1,131,1017.6
"Houston, TX",29.7216,-95.49265,9/16/15,7.20,1.73,-0.30,80.8,27.1,0.002,3.5,118,1018.6
"Houston, TX",29.7216,-95.49265,9/17/15,8.57,1.72,-0.20,80.3,26.8,0.000,2.6,122,1015.9
"Houston, TX",29.7216,-95.49265,9/18/15,8.38,1.77,-0.18,79.9,26.6,0.000,2.6,157,1013.2
"Houston, TX",29.7216,-95.49265,9/19/15,10.95,2.32,-0.10,79.3,26.3,0.000,1.7,126,1013.9
"Houston, TX",29.7216,-95.49265,9/20/15,10.92,2.40,-0.11,79.9,26.6,0.000,1.7,147,1015.2
"Houston, TX",29.7216,-95.49265,9/21/15,18.47,2.70,0.11,81.1,27.3,0.002,3.5,91,1015.2
"Houston, TX",29.7216,-95.49265,9/22/15,15.48,2.23,0.02,81.2,27.3,0.000,2.6,98,1016.3
"Houston, TX",29.7216,-95.49265,9/23/15,20.00,2.26,0.46,79.0,26.1,0.000,2.6,27,1015.9
"Houston, TX",29.7216,-95.49265,9/24/15,22.62,2.30,0.63,79.3,26.3,0.000,3.5,67,1015.9
"Houston, TX",29.7216,-95.49265,9/25/15,25.90,1.69,0.74,81.2,27.3,0.000,3.5,58,1015.2
"Houston, TX",29.7216,-95.49265,9/26/15,16.83,2.66,0.58,80.0,26.7,0.000,3.5,112,1013.5
"Houston, TX",29.7216,-95.49265,9/27/15,19.20,2.14,-0.22,72.8,22.7,0.032,5.2,9,1012.2
"Houston, TX",29.7216,-95.49265,9/28/15,21.35,1.08,-0.37,72.1,22.3,0.047,7.8,355,1009.1
"Houston, TX",29.7216,-95.49265,9/29/15,20.55,1.19,-0.01,77.3,25.1,0.002,6.1,16,1010.2
"Houston, TX",29.7216,-95.49265,9/30/15,27.31,1.88,1.04,79.6,26.4,0.000,3.5,9,1013.5
